[{"model": "wagtailimages.rendition", "pk": 1, "fields": {"filter_spec": "max-165x165", "file": "images/C38042C9-54CA-4274-AD63-328C899F2108.max-165x165.png", "width": 165, "height": 56, "focal_point_key": "", "image": 1}}, {"model": "wagtailimages.rendition", "pk": 2, "fields": {"filter_spec": "original", "file": "images/C38042C9-54CA-4274-AD63-328C899F2108.original.png", "width": 857, "height": 291, "focal_point_key": "", "image": 1}}, {"model": "wagtailimages.rendition", "pk": 3, "fields": {"filter_spec": "max-165x165", "file": "images/WX20190105-1211042x.max-165x165.png", "width": 132, "height": 165, "focal_point_key": "", "image": 2}}, {"model": "wagtailimages.rendition", "pk": 4, "fields": {"filter_spec": "fill-98x124", "file": "images/WX20190105-1211042x.2e16d0ba.fill-98x124.png", "width": 98, "height": 124, "focal_point_key": "2e16d0ba", "image": 2}}, {"model": "wagtailimages.rendition", "pk": 5, "fields": {"filter_spec": "max-165x165", "file": "images/WX20190105-1524482x.max-165x165.png", "width": 165, "height": 154, "focal_point_key": "", "image": 3}}, {"model": "wagtailimages.rendition", "pk": 6, "fields": {"filter_spec": "max-165x165", "file": "images/WX20190105-1525232x.max-165x165.png", "width": 161, "height": 165, "focal_point_key": "", "image": 4}}, {"model": "wagtailimages.rendition", "pk": 7, "fields": {"filter_spec": "max-165x165", "file": "images/WX20190105-1526002x.max-165x165.png", "width": 165, "height": 149, "focal_point_key": "", "image": 5}}, {"model": "wagtailimages.rendition", "pk": 8, "fields": {"filter_spec": "max-165x165", "file": "images/WX20190105-1526322x.max-165x165.png", "width": 159, "height": 165, "focal_point_key": "", "image": 6}}, {"model": "wagtailimages.rendition", "pk": 9, "fields": {"filter_spec": "max-165x165", "file": "images/WX20190105-1526412x.max-165x165.png", "width": 155, "height": 165, "focal_point_key": "", "image": 7}}, {"model": "wagtailimages.rendition", "pk": 10, "fields": {"filter_spec": "max-165x165", "file": "images/WX20190105-1526492x.max-165x165.png", "width": 165, "height": 156, "focal_point_key": "", "image": 8}}, {"model": "wagtailimages.rendition", "pk": 11, "fields": {"filter_spec": "fill-90x90", "file": "images/WX20190105-1524482x.2e16d0ba.fill-90x90.png", "width": 90, "height": 90, "focal_point_key": "2e16d0ba", "image": 3}}, {"model": "wagtailimages.rendition", "pk": 12, "fields": {"filter_spec": "fill-90x90", "file": "images/WX20190105-1525232x.2e16d0ba.fill-90x90.png", "width": 90, "height": 90, "focal_point_key": "2e16d0ba", "image": 4}}, {"model": "wagtailimages.rendition", "pk": 13, "fields": {"filter_spec": "fill-90x90", "file": "images/WX20190105-1526002x.2e16d0ba.fill-90x90.png", "width": 90, "height": 90, "focal_point_key": "2e16d0ba", "image": 5}}, {"model": "wagtailimages.rendition", "pk": 14, "fields": {"filter_spec": "fill-90x90", "file": "images/WX20190105-1526322x.2e16d0ba.fill-90x90.png", "width": 90, "height": 90, "focal_point_key": "2e16d0ba", "image": 6}}, {"model": "wagtailimages.rendition", "pk": 15, "fields": {"filter_spec": "fill-90x90", "file": "images/WX20190105-1526412x.2e16d0ba.fill-90x90.png", "width": 90, "height": 90, "focal_point_key": "2e16d0ba", "image": 7}}, {"model": "wagtailimages.rendition", "pk": 16, "fields": {"filter_spec": "fill-90x90", "file": "images/WX20190105-1526492x.2e16d0ba.fill-90x90.png", "width": 90, "height": 90, "focal_point_key": "2e16d0ba", "image": 8}}, {"model": "wagtailimages.rendition", "pk": 17, "fields": {"filter_spec": "max-165x165", "file": "images/WX20190105-1717492x.max-165x165.png", "width": 119, "height": 165, "focal_point_key": "", "image": 9}}, {"model": "wagtailimages.rendition", "pk": 18, "fields": {"filter_spec": "max-165x165", "file": "images/WX20190105-1720062x.max-165x165.png", "width": 143, "height": 165, "focal_point_key": "", "image": 10}}, {"model": "wagtailimages.rendition", "pk": 19, "fields": {"filter_spec": "fill-180x180", "file": "images/WX20190105-1717492x.2e16d0ba.fill-180x180.png", "width": 180, "height": 180, "focal_point_key": "2e16d0ba", "image": 9}}, {"model": "wagtailimages.rendition", "pk": 20, "fields": {"filter_spec": "fill-180x180", "file": "images/WX20190105-1720062x.2e16d0ba.fill-180x180.png", "width": 180, "height": 180, "focal_point_key": "2e16d0ba", "image": 10}}, {"model": "wagtailimages.rendition", "pk": 21, "fields": {"filter_spec": "max-180x180", "file": "images/WX20190105-1717492x.max-180x180.png", "width": 130, "height": 180, "focal_point_key": "", "image": 9}}, {"model": "wagtailimages.rendition", "pk": 22, "fields": {"filter_spec": "max-180x180", "file": "images/WX20190105-1720062x.max-180x180.png", "width": 156, "height": 180, "focal_point_key": "", "image": 10}}, {"model": "wagtailimages.rendition", "pk": 23, "fields": {"filter_spec": "max-800x600", "file": "images/WX20190105-1720062x.max-800x600.png", "width": 306, "height": 352, "focal_point_key": "", "image": 10}}, {"model": "wagtailimages.rendition", "pk": 24, "fields": {"filter_spec": "width-500", "file": "images/WX20190105-1720062x.width-500.png", "width": 306, "height": 352, "focal_point_key": "", "image": 10}}, {"model": "wagtailimages.rendition", "pk": 25, "fields": {"filter_spec": "max-800x600", "file": "images/WX20190105-1525232x.max-800x600.png", "width": 186, "height": 190, "focal_point_key": "", "image": 4}}, {"model": "wagtailcore.site", "pk": 1, "fields": {"hostname": "localhost", "port": 80, "site_name": null, "root_page": 2, "is_default_site": true}}, {"model": "wagtailcore.site", "pk": 2, "fields": {"hostname": "http://ncrcrd.cms.testing.natureself.site", "port": 80, "site_name": "\u75be\u75c5\u4e2d\u5fc3", "root_page": 3, "is_default_site": true}}, {"model": "wagtailcore.collection", "pk": 1, "fields": {"path": "0001", "depth": 1, "numchild": 0, "name": "Root"}}, {"model": "sessions.session", "pk": "bgzqcfktuitpfnp9sesp0xpoaxla0ksf", "fields": {"session_data": "ZDE0YzU3OGE4ZWQ2NzIwNjc2NDc2Y2ZhOTY0ZmViNDdjNWRkM2FlYTp7Il9hdXRoX3VzZXJfaWQiOiIxIiwiX2F1dGhfdXNlcl9iYWNrZW5kIjoiZGphbmdvLmNvbnRyaWIuYXV0aC5iYWNrZW5kcy5Nb2RlbEJhY2tlbmQiLCJfYXV0aF91c2VyX2hhc2giOiIyNGQ3NTAzZDFiYWM2ZjNkZWQ5ZWYzYmM2OGU4ZjVjMjUxMzNmZGRmIn0=", "expire_date": "2019-01-18T19:48:35.639Z"}}, {"model": "sessions.session", "pk": "jjnm3myhyghfe3fjf5r1iyhfiqxckin4", "fields": {"session_data": "ZDE0YzU3OGE4ZWQ2NzIwNjc2NDc2Y2ZhOTY0ZmViNDdjNWRkM2FlYTp7Il9hdXRoX3VzZXJfaWQiOiIxIiwiX2F1dGhfdXNlcl9iYWNrZW5kIjoiZGphbmdvLmNvbnRyaWIuYXV0aC5iYWNrZW5kcy5Nb2RlbEJhY2tlbmQiLCJfYXV0aF91c2VyX2hhc2giOiIyNGQ3NTAzZDFiYWM2ZjNkZWQ5ZWYzYmM2OGU4ZjVjMjUxMzNmZGRmIn0=", "expire_date": "2019-01-19T02:29:37.073Z"}}, {"model": "sessions.session", "pk": "n1l7s0x32vag5s9mun9cftyfliol3dpx", "fields": {"session_data": "ZDE0YzU3OGE4ZWQ2NzIwNjc2NDc2Y2ZhOTY0ZmViNDdjNWRkM2FlYTp7Il9hdXRoX3VzZXJfaWQiOiIxIiwiX2F1dGhfdXNlcl9iYWNrZW5kIjoiZGphbmdvLmNvbnRyaWIuYXV0aC5iYWNrZW5kcy5Nb2RlbEJhY2tlbmQiLCJfYXV0aF91c2VyX2hhc2giOiIyNGQ3NTAzZDFiYWM2ZjNkZWQ5ZWYzYmM2OGU4ZjVjMjUxMzNmZGRmIn0=", "expire_date": "2019-01-19T02:22:06.957Z"}}, {"model": "sessions.session", "pk": "yz4lb842dvr7d3hkjm8vva25s7jtjs0e", "fields": {"session_data": "ZDE0YzU3OGE4ZWQ2NzIwNjc2NDc2Y2ZhOTY0ZmViNDdjNWRkM2FlYTp7Il9hdXRoX3VzZXJfaWQiOiIxIiwiX2F1dGhfdXNlcl9iYWNrZW5kIjoiZGphbmdvLmNvbnRyaWIuYXV0aC5iYWNrZW5kcy5Nb2RlbEJhY2tlbmQiLCJfYXV0aF91c2VyX2hhc2giOiIyNGQ3NTAzZDFiYWM2ZjNkZWQ5ZWYzYmM2OGU4ZjVjMjUxMzNmZGRmIn0=", "expire_date": "2019-01-19T03:54:44.043Z"}}, {"model": "wagtailmenus.mainmenuitem", "pk": 1, "fields": {"sort_order": 1, "link_page": 4, "link_url": null, "url_append": "", "handle": "", "link_text": "", "allow_subnav": true, "menu": 1}}, {"model": "wagtailmenus.mainmenuitem", "pk": 2, "fields": {"sort_order": 2, "link_page": 5, "link_url": null, "url_append": "", "handle": "", "link_text": "", "allow_subnav": true, "menu": 1}}, {"model": "wagtailmenus.mainmenuitem", "pk": 3, "fields": {"sort_order": 3, "link_page": 6, "link_url": null, "url_append": "", "handle": "", "link_text": "", "allow_subnav": true, "menu": 1}}, {"model": "wagtailmenus.mainmenuitem", "pk": 4, "fields": {"sort_order": 4, "link_page": 7, "link_url": null, "url_append": "", "handle": "", "link_text": "", "allow_subnav": true, "menu": 1}}, {"model": "wagtailmenus.mainmenuitem", "pk": 5, "fields": {"sort_order": 5, "link_page": 8, "link_url": null, "url_append": "", "handle": "", "link_text": "", "allow_subnav": true, "menu": 1}}, {"model": "wagtailmenus.mainmenuitem", "pk": 6, "fields": {"sort_order": 6, "link_page": 9, "link_url": null, "url_append": "", "handle": "", "link_text": "", "allow_subnav": true, "menu": 1}}, {"model": "wagtailmenus.mainmenuitem", "pk": 7, "fields": {"sort_order": 7, "link_page": 10, "link_url": null, "url_append": "", "handle": "", "link_text": "", "allow_subnav": true, "menu": 1}}, {"model": "wagtailmenus.mainmenuitem", "pk": 8, "fields": {"sort_order": 8, "link_page": 11, "link_url": null, "url_append": "", "handle": "", "link_text": "", "allow_subnav": true, "menu": 1}}, {"model": "wagtailmenus.mainmenuitem", "pk": 9, "fields": {"sort_order": 0, "link_page": 3, "link_url": null, "url_append": "", "handle": "", "link_text": "\u9996\u9875", "allow_subnav": false, "menu": 1}}, {"model": "wagtailmenus.mainmenu", "pk": 1, "fields": {"site": 2, "max_levels": 2, "use_specific": 1}}, {"model": "auth.group", "pk": 1, "fields": {"name": "Moderators", "permissions": [1, 2, 3, 4, 5, 6, 7]}}, {"model": "auth.group", "pk": 2, "fields": {"name": "Editors", "permissions": [1, 2, 3, 4, 5, 6, 7]}}, {"model": "auth.user", "pk": 1, "fields": {"password": "pbkdf2_sha256$120000$HefDUTu0Gndb$9itOnrtA6XGfsHD7PZh7BxXaNXP6PTgXO3wrZHnmNcw=", "last_login": "2019-01-05T03:54:43.939Z", "is_superuser": true, "username": "admin", "first_name": "", "last_name": "", "email": "admin@natureself.cn", "is_staff": true, "is_active": true, "date_joined": "2019-01-04T19:48:29.896Z", "groups": [], "user_permissions": []}}, {"model": "wagtailcore.grouppagepermission", "pk": 1, "fields": {"group": 1, "page": 1, "permission_type": "add"}}, {"model": "wagtailcore.grouppagepermission", "pk": 2, "fields": {"group": 1, "page": 1, "permission_type": "edit"}}, {"model": "wagtailcore.grouppagepermission", "pk": 3, "fields": {"group": 1, "page": 1, "permission_type": "publish"}}, {"model": "wagtailcore.grouppagepermission", "pk": 4, "fields": {"group": 2, "page": 1, "permission_type": "add"}}, {"model": "wagtailcore.grouppagepermission", "pk": 5, "fields": {"group": 2, "page": 1, "permission_type": "edit"}}, {"model": "wagtailcore.grouppagepermission", "pk": 6, "fields": {"group": 1, "page": 1, "permission_type": "lock"}}, {"model": "wagtailcore.pagerevision", "pk": 1, "fields": {"page": 3, "submitted_for_moderation": false, "created_at": "2019-01-04T19:49:36.412Z", "user": 1, "content_json": "{\"pk\": 3, \"path\": \"00010002\", \"depth\": 2, \"numchild\": 0, \"title\": \"\\u56fd\\u5bb6\\u547c\\u5438\\u75be\\u75c5\\u4e34\\u5e8a\\u533b\\u5b66\\u7814\\u7a76\\u4e2d\\u5fc3\", \"draft_title\": \"\\u56fd\\u5bb6\\u547c\\u5438\\u75be\\u75c5\\u4e34\\u5e8a\\u533b\\u5b66\\u7814\\u7a76\\u4e2d\\u5fc3\", \"slug\": \"\\u56fd\\u5bb6\\u547c\\u5438\\u75be\\u75c5\\u4e34\\u5e8a\\u533b\\u5b66\\u7814\\u7a76\\u4e2d\\u5fc3\", \"content_type\": 5, \"live\": true, \"has_unpublished_changes\": false, \"url_path\": \"/\\u56fd\\u5bb6\\u547c\\u5438\\u75be\\u75c5\\u4e34\\u5e8a\\u533b\\u5b66\\u7814\\u7a76\\u4e2d\\u5fc3/\", \"owner\": 1, \"seo_title\": \"\", \"show_in_menus\": true, \"search_description\": \"\", \"go_live_at\": null, \"expire_at\": null, \"expired\": false, \"locked\": false, \"first_published_at\": null, \"last_published_at\": null, \"latest_revision_created_at\": null, \"live_revision\": null, \"content\": \"[{\\\"type\\\": \\\"title\\\", \\\"value\\\": \\\"\\\\u56fd\\\\u5bb6\\\\u547c\\\\u5438\\\\u75be\\\\u75c5\\\\u4e34\\\\u5e8a\\\\u533b\\\\u5b66\\\\u7814\\\\u7a76\\\\u4e2d\\\\u5fc3\\\", \\\"id\\\": \\\"2ee9ed21-3b1a-46b4-a59e-eb54d5fd08f0\\\"}, {\\\"type\\\": \\\"paragraph\\\", \\\"value\\\": \\\"<p>\\\\u8fd9\\\\u91cc\\\\u662f\\\\u9996\\\\u9875\\\\uff0c\\\\u9996\\\\u9875\\\\u6a21\\\\u677f\\\\u7a0d\\\\u540e\\\\u4fee\\\\u6539</p>\\\", \\\"id\\\": \\\"1eeb8c33-8c7f-4d57-ab62-a68c5f5f8876\\\"}]\", \"show_sidebar\": false, \"show_breadcrumb\": false}", "approved_go_live_at": null}}, {"model": "wagtailcore.pagerevision", "pk": 2, "fields": {"page": 4, "submitted_for_moderation": false, "created_at": "2019-01-04T19:54:18.655Z", "user": 1, "content_json": "{\"pk\": 4, \"path\": \"000100020001\", \"depth\": 3, \"numchild\": 0, \"title\": \"\\u4e2d\\u5fc3\\u4ecb\\u7ecd\", \"draft_title\": \"\\u4e2d\\u5fc3\\u4ecb\\u7ecd\", \"slug\": \"\\u4e2d\\u5fc3\\u4ecb\\u7ecd\", \"content_type\": 6, \"live\": true, \"has_unpublished_changes\": false, \"url_path\": \"/\\u56fd\\u5bb6\\u547c\\u5438\\u75be\\u75c5\\u4e34\\u5e8a\\u533b\\u5b66\\u7814\\u7a76\\u4e2d\\u5fc3/\\u4e2d\\u5fc3\\u4ecb\\u7ecd/\", \"owner\": 1, \"seo_title\": \"\", \"show_in_menus\": true, \"search_description\": \"\", \"go_live_at\": null, \"expire_at\": null, \"expired\": false, \"locked\": false, \"first_published_at\": null, \"last_published_at\": null, \"latest_revision_created_at\": null, \"live_revision\": null, \"content\": \"[{\\\"type\\\": \\\"title\\\", \\\"value\\\": \\\"\\\\u56fd\\\\u5bb6\\\\u547c\\\\u5438\\\\u75be\\\\u75c5\\\\u4e34\\\\u5e8a\\\\u7814\\\\u7a76\\\\u4e2d\\\\u5fc3\\\", \\\"id\\\": \\\"5977d1b1-c5ea-4db6-b6c7-6c9d2659a9f5\\\"}, {\\\"type\\\": \\\"image\\\", \\\"value\\\": 1, \\\"id\\\": \\\"fd5c3dfa-d825-4877-a2b4-fed4751120c6\\\"}, {\\\"type\\\": \\\"paragraph\\\", \\\"value\\\": \\\"<p>2013 \\\\u5e74 8 \\\\u6708\\\\uff0c\\\\u5317\\\\u4eac\\\\u533b\\\\u9662\\\\u8054\\\\u5408\\\\u4e2d\\\\u65e5\\\\u533b\\\\u9662\\\\u3001\\\\u9996\\\\u90fd\\\\u533b\\\\u79d1\\\\u5927\\\\u5b66\\\\u547c\\\\u5438\\\\u75c5\\\\u5b66\\\\u7cfb\\\\u3001\\\\u5317\\\\u4eac\\\\u534f\\\\u548c\\\\u533b\\\\u9662\\\\u3001\\\\u89e3\\\\u653e\\\\u519b\\\\u603b\\\\u533b\\\\u9662\\\\u3001\\\\u4e2d\\\\u56fd\\\\u533b\\\\u79d1\\\\u5927\\\\u5b66\\\\u9644\\\\u5c5e\\\\u7b2c\\\\u4e00\\\\u533b\\\\u9662\\\\u3001\\\\u897f\\\\u5b89\\\\u4ea4\\\\u901a\\\\u5927\\\\u5b66\\\\u9644\\\\u5c5e\\\\u7b2c\\\\u4e00\\\\u533b\\\\u9662 6 \\\\u5bb6\\\\u6838\\\\u5fc3\\\\u5355\\\\u4f4d\\\\u6210\\\\u529f\\\\u7533\\\\u62a5\\\\u9996\\\\u6279\\\\u56fd\\\\u5bb6\\\\u547c\\\\u5438\\\\u7cfb\\\\u7edf\\\\u75be\\\\u75c5\\\\u4e34\\\\u5e8a\\\\u533b\\\\u5b66\\\\u7814\\\\u7a76\\\\u4e2d\\\\u5fc3\\\\uff08\\\\u4ee5\\\\u4e0b\\\\u7b80\\\\u79f0\\\\u56fd\\\\u5bb6\\\\u547c\\\\u5438\\\\u4e34\\\\u5e8a\\\\u7814\\\\u7a76\\\\u4e2d\\\\u5fc3\\\\uff09\\\\uff0c\\\\u7531\\\\u738b\\\\u8fb0\\\\u9662\\\\u58eb\\\\u4efb\\\\u4e3b\\\\u4efb\\\\u3002\\\\u4e2d\\\\u5fc3\\\\u6210\\\\u7acb\\\\u4ee5\\\\u6765\\\\uff0c\\\\u7740\\\\u529b\\\\u6253\\\\u9020\\\\u7b26\\\\u5408\\\\u56fd\\\\u9645\\\\u6807\\\\u51c6\\\\u5e76\\\\u5177\\\\u6709\\\\u793a\\\\u8303\\\\u6027\\\\u7684\\\\u4e34\\\\u5e8a\\\\u533b\\\\u5b66\\\\u7814\\\\u7a76\\\\u57fa\\\\u5730\\\\uff0c\\\\u642d\\\\u5efa\\\\u516c\\\\u5171\\\\u6280\\\\u672f\\\\u7ba1\\\\u7406\\\\u670d\\\\u52a1\\\\u5e73\\\\u53f0\\\\u548c\\\\u751f\\\\u7269\\\\u4fe1\\\\u606f\\\\u5e73\\\\u53f0\\\\uff0c\\\\u52a0\\\\u5f3a\\\\u56fd\\\\u5bb6\\\\u4e34\\\\u5e8a\\\\u533b\\\\u5b66\\\\u7814\\\\u7a76\\\\u534f\\\\u540c\\\\u7f51\\\\u7edc\\\\u5efa\\\\u8bbe\\\\uff0c\\\\u53d6\\\\u5f97\\\\u663e\\\\u8457\\\\u6210\\\\u7ee9\\\\u3002</p><p>\\\\u76ee\\\\u524d\\\\uff0c \\\\u4e2d\\\\u65e5\\\\u533b\\\\u9662\\\\u5df2\\\\u5efa\\\\u6210\\\\u5b8c\\\\u5907\\\\u7684\\\\u3001\\\\u5177\\\\u5907\\\\u9886\\\\u8854\\\\u6c34\\\\u5e73\\\\u7684\\\\u73b0\\\\u4ee3\\\\u547c\\\\u5438\\\\u75c5\\\\u5b66\\\\u5b66\\\\u79d1\\\\u4f53\\\\u7cfb\\\\u3002</p><p>\\\\u4e3b\\\\u8981\\\\u5305\\\\u62ec\\\\uff1a\\\\uff081\\\\uff09 \\\\u547c\\\\u5438\\\\u4e0e\\\\u5371\\\\u91cd\\\\u75c7\\\\u533b\\\\u5b66\\\\u79d1\\\\u3001\\\\u80f8\\\\u5916\\\\u79d1\\\\u3001\\\\u4e2d\\\\u533b\\\\u80ba\\\\u75c5\\\\u79d1\\\\u5747\\\\u4e3a\\\\u56fd\\\\u5bb6\\\\u4e34\\\\u5e8a\\\\u91cd\\\\u70b9\\\\u4e13\\\\u79d1\\\\uff0c\\\\u7d2f\\\\u8ba1\\\\u75c5\\\\u623f\\\\u5e8a\\\\u4f4d\\\\u8d85\\\\u8fc7 400 \\\\u5f20\\\\uff1b\\\\uff082\\\\uff09\\\\u547c\\\\u5438\\\\u75be\\\\u75c5\\\\u4e13\\\\u4e1a\\\\u4e3a\\\\u56fd\\\\u5bb6\\\\u7ea7\\\\u91cd\\\\u70b9\\\\u5b66\\\\u79d1\\\\uff0c\\\\u5efa\\\\u7acb\\\\u5b8c\\\\u6574\\\\u7684\\\\u547c\\\\u5438\\\\u75be\\\\u75c5\\\\u8fdb\\\\u4fee\\\\u3001\\\\u89c4\\\\u57f9\\\\u548c\\\\u4e13\\\\u57f9\\\\u7b49\\\\u6559\\\\u80b2\\\\u4f53\\\\u7cfb\\\\uff1b\\\\uff083\\\\uff09 \\\\u662f\\\\u4e16\\\\u754c\\\\u536b\\\\u751f\\\\u7ec4\\\\u7ec7\\\\uff08WHO\\\\uff09\\\\u6212\\\\u70df\\\\u4e0e\\\\u547c\\\\u5438\\\\u75be\\\\u75c5\\\\u9884\\\\u9632\\\\u5408\\\\u4f5c\\\\u4e2d\\\\u5fc3\\\\u627f\\\\u62c5\\\\u5355\\\\u4f4d\\\\uff1b\\\\uff084\\\\uff09\\\\u7275\\\\u5934\\\\u6210\\\\u7acb\\\\u4e00\\\\u7cfb\\\\u5217\\\\u5b66\\\\u79d1\\\\u6216\\\\u4e13\\\\u75c5\\\\u8054\\\\u5408\\\\u4f53\\\\uff1b\\\\uff085\\\\uff09\\\\u56fd\\\\u5bb6\\\\u7ea7\\\\u8fdc\\\\u7a0b\\\\u4f1a\\\\u8bca\\\\u57f9\\\\u8bad\\\\u548c\\\\u5e94\\\\u7528\\\\u4e2d\\\\u5fc3\\\\u3002\\\\u4ee5\\\\u4e0a\\\\u5b66\\\\u79d1\\\\u5efa\\\\u5236\\\\u5df2\\\\u7ecf\\\\u5b9e\\\\u73b0\\\\u6a2a\\\\u8de8\\\\u547c\\\\u5438\\\\u75be\\\\u75c5\\\\u9884\\\\u9632\\\\u3001\\\\u8bca\\\\u7597\\\\u3001\\\\u5eb7\\\\u590d\\\\uff0c \\\\u6c47\\\\u805a\\\\u5185\\\\u5916\\\\u79d1\\\\u3001\\\\u4e2d\\\\u897f\\\\u533b\\\\uff0c \\\\u878d\\\\u5408\\\\u57fa\\\\u7840\\\\u7814\\\\u7a76\\\\u3001 \\\\u4e34\\\\u5e8a\\\\u7814\\\\u7a76\\\\u548c\\\\u7814\\\\u53d1\\\\u8f6c\\\\u5316\\\\uff0c \\\\u5f62\\\\u6210\\\\u4ece\\\\u547c\\\\u5438\\\\u75be\\\\u75c5\\\\u9884\\\\u9632\\\\u6700\\\\u65e9\\\\u671f\\\\uff08\\\\u70df\\\\u8349\\\\u63a7\\\\u5236\\\\uff09\\\\u5230\\\\u7ec8\\\\u672b\\\\u671f\\\\uff08\\\\u80ba\\\\u79fb\\\\u690d\\\\uff09\\\\u7684\\\\u5b8c\\\\u6574\\\\u6280\\\\u672f\\\\u8def\\\\u5f84\\\\u548c\\\\u4eba\\\\u624d\\\\u56e2\\\\u961f\\\\uff0c \\\\u5728\\\\u80ba\\\\u90e8\\\\u611f\\\\u67d3\\\\u3001\\\\u80ba\\\\u6813\\\\u585e\\\\u53ca\\\\u80ba\\\\u8840\\\\u7ba1\\\\u75be\\\\u75c5\\\\u3001\\\\u547c\\\\u5438\\\\u5371\\\\u91cd\\\\u75c7\\\\u3001\\\\u95f4\\\\u8d28\\\\u6027\\\\u80ba\\\\u75be\\\\u75c5\\\\u3001\\\\u70df\\\\u8349\\\\u75c5\\\\u5b66\\\\u3001\\\\u6162\\\\u963b\\\\u80ba\\\\u3001\\\\u54ee\\\\u5598\\\\u3001 \\\\u4e2d\\\\u533b\\\\u547c\\\\u5438\\\\u3001\\\\u80ba\\\\u90e8\\\\u80bf\\\\u7624\\\\u3001\\\\u80ba\\\\u79fb\\\\u690d\\\\u3001\\\\u547c\\\\u5438\\\\u5eb7\\\\u590d\\\\u7b49\\\\u9886\\\\u57df\\\\u5df2\\\\u7ecf\\\\u5f62\\\\u6210\\\\u9886\\\\u8854\\\\u5168\\\\u56fd\\\\u3001\\\\u56fd\\\\u9645\\\\u5148\\\\u8fdb\\\\u7684\\\\u7a81\\\\u51fa\\\\u4f18\\\\u52bf\\\\u3002\\\\u8fd1 3 \\\\u5e74\\\\u6765\\\\uff0c\\\\u4e2d\\\\u65e5\\\\u533b\\\\u9662\\\\u547c\\\\u5438\\\\u5b66\\\\u79d1\\\\u627f\\\\u62c5\\\\u5305\\\\u62ec 7 \\\\u9879\\\\u201c\\\\u5341\\\\u4e09\\\\u4e94\\\\u201d \\\\u56fd\\\\u5bb6\\\\u91cd\\\\u70b9\\\\u7814\\\\u53d1\\\\u4e13\\\\u9879\\\\u7b49\\\\u56fd\\\\u5bb6\\\\u7ea7\\\\u4e34\\\\u5e8a\\\\u7814\\\\u7a76\\\\u9879\\\\u76ee\\\\uff0c\\\\u7275\\\\u5934\\\\u5b9e\\\\u65bd\\\\u591a\\\\u9879\\\\u56fd\\\\u9645\\\\u591a\\\\u4e2d\\\\u5fc3\\\\u4e34\\\\u5e8a\\\\u7814\\\\u7a76\\\\uff0c\\\\u7ec4\\\\u7ec7\\\\u7f16\\\\u5199\\\\u672c\\\\u9886\\\\u57df\\\\u884c\\\\u4e1a\\\\u89c4\\\\u8303\\\\u3001\\\\u8bca\\\\u7597\\\\u6307\\\\u5357\\\\u3001\\\\u56fd\\\\u5bb6\\\\u6807\\\\u51c6\\\\u3001\\\\u9632\\\\u6cbb\\\\u89c4\\\\u5212\\\\u3002\\\\u4f9d\\\\u6258\\\\u524d\\\\u671f\\\\u57fa\\\\u7840\\\\uff0c\\\\u5efa\\\\u7acb\\\\u5e76\\\\u53d1\\\\u5c55\\\\u4e86\\\\u80ba\\\\u90e8\\\\u611f\\\\u67d3\\\\u3001\\\\u80ba\\\\u6813\\\\u585e\\\\u53ca\\\\u80ba\\\\u8840\\\\u7ba1\\\\u75be\\\\u75c5\\\\u3001 \\\\u6162\\\\u963b\\\\u80ba\\\\u3001 \\\\u63a7\\\\u70df\\\\u3001 \\\\u547c\\\\u5438\\\\u5371\\\\u91cd\\\\u75c7\\\\u7b49\\\\u591a\\\\u4e2a\\\\u4f18\\\\u52bf\\\\u9886\\\\u57df\\\\u7684\\\\u4e34\\\\u5e8a\\\\u7814\\\\u7a76\\\\u534f\\\\u540c\\\\u7f51\\\\u7edc\\\\uff0c\\\\u5efa\\\\u7acb\\\\u8986\\\\u76d6 31 \\\\u4e2a\\\\u7701\\\\u5e02\\\\u81ea\\\\u6cbb\\\\u533a\\\\u8fd1 500 \\\\u5bb6\\\\u5355\\\\u4f4d\\\\u7684\\\\u547c\\\\u5438\\\\u4e13\\\\u79d1\\\\u533b\\\\u8054\\\\u4f53\\\\uff0c\\\\u5f62\\\\u6210\\\\u4e34\\\\u5e8a\\\\u7814\\\\u7a76\\\\u534f\\\\u4f5c\\\\u53ca\\\\u6280\\\\u672f\\\\u63a8\\\\u5e7f\\\\u7f51\\\\u7edc\\\\u3002\\\\u4f5c\\\\u4e3a\\\\u56fd\\\\u5bb6\\\\u536b\\\\u8ba1\\\\u59d4\\\\u8fdc\\\\u7a0b\\\\u533b\\\\u7597\\\\u7ba1\\\\u7406\\\\u4e0e\\\\u57f9\\\\u8bad\\\\u4e2d\\\\u5fc3\\\\uff0c\\\\u8fdc\\\\u7a0b\\\\u533b\\\\u7597\\\\u534f\\\\u540c\\\\u7f51\\\\u7edc\\\\u5df2\\\\u7ecf\\\\u8986\\\\u76d6\\\\u4e86\\\\u5168\\\\u56fd 32\\\\u4e2a\\\\u7701\\\\u5e022000\\\\u4f59\\\\u5bb6\\\\u533b\\\\u9662\\\\u3002</p>\\\", \\\"id\\\": \\\"564b12db-c3f9-4d1d-ac33-4af8eb7e4de0\\\"}]\", \"show_sidebar\": true, \"show_breadcrumb\": true}", "approved_go_live_at": null}}, {"model": "wagtailcore.pagerevision", "pk": 3, "fields": {"page": 5, "submitted_for_moderation": false, "created_at": "2019-01-04T19:54:42.470Z", "user": 1, "content_json": "{\"pk\": 5, \"path\": \"000100020002\", \"depth\": 3, \"numchild\": 0, \"title\": \"\\u4e13\\u5bb6\\u56e2\\u961f\", \"draft_title\": \"\\u4e13\\u5bb6\\u56e2\\u961f\", \"slug\": \"\\u4e13\\u5bb6\\u56e2\\u961f\", \"content_type\": 6, \"live\": true, \"has_unpublished_changes\": false, \"url_path\": \"/\\u56fd\\u5bb6\\u547c\\u5438\\u75be\\u75c5\\u4e34\\u5e8a\\u533b\\u5b66\\u7814\\u7a76\\u4e2d\\u5fc3/\\u4e13\\u5bb6\\u56e2\\u961f/\", \"owner\": 1, \"seo_title\": \"\", \"show_in_menus\": true, \"search_description\": \"\", \"go_live_at\": null, \"expire_at\": null, \"expired\": false, \"locked\": false, \"first_published_at\": null, \"last_published_at\": null, \"latest_revision_created_at\": null, \"live_revision\": null, \"content\": \"[{\\\"type\\\": \\\"title\\\", \\\"value\\\": \\\"\\\\u4e13\\\\u5bb6\\\\u56e2\\\\u961f\\\", \\\"id\\\": \\\"44cd3e62-6db4-4cd6-b034-b01e30b4c730\\\"}, {\\\"type\\\": \\\"paragraph\\\", \\\"value\\\": \\\"<p>\\\\u4e13\\\\u5bb6\\\\u56e2\\\\u961f</p>\\\", \\\"id\\\": \\\"8fdb3563-7d5c-4bee-a7d8-f4659332a3c4\\\"}]\", \"show_sidebar\": true, \"show_breadcrumb\": true}", "approved_go_live_at": null}}, {"model": "wagtailcore.pagerevision", "pk": 4, "fields": {"page": 6, "submitted_for_moderation": false, "created_at": "2019-01-04T19:54:58.586Z", "user": 1, "content_json": "{\"pk\": 6, \"path\": \"000100020003\", \"depth\": 3, \"numchild\": 0, \"title\": \"\\u627f\\u62c5\\u9879\\u76ee\", \"draft_title\": \"\\u627f\\u62c5\\u9879\\u76ee\", \"slug\": \"\\u627f\\u62c5\\u9879\\u76ee\", \"content_type\": 6, \"live\": true, \"has_unpublished_changes\": false, \"url_path\": \"/\\u56fd\\u5bb6\\u547c\\u5438\\u75be\\u75c5\\u4e34\\u5e8a\\u533b\\u5b66\\u7814\\u7a76\\u4e2d\\u5fc3/\\u627f\\u62c5\\u9879\\u76ee/\", \"owner\": 1, \"seo_title\": \"\", \"show_in_menus\": true, \"search_description\": \"\", \"go_live_at\": null, \"expire_at\": null, \"expired\": false, \"locked\": false, \"first_published_at\": null, \"last_published_at\": null, \"latest_revision_created_at\": null, \"live_revision\": null, \"content\": \"[{\\\"type\\\": \\\"title\\\", \\\"value\\\": \\\"\\\\u627f\\\\u62c5\\\\u9879\\\\u76ee\\\", \\\"id\\\": \\\"75acb1ca-4990-4d27-9b0a-0c107301d247\\\"}]\", \"show_sidebar\": true, \"show_breadcrumb\": true}", "approved_go_live_at": null}}, {"model": "wagtailcore.pagerevision", "pk": 5, "fields": {"page": 7, "submitted_for_moderation": false, "created_at": "2019-01-04T19:55:11.487Z", "user": 1, "content_json": "{\"pk\": 7, \"path\": \"000100020004\", \"depth\": 3, \"numchild\": 0, \"title\": \"\\u79d1\\u7814\\u7f51\\u7edc\", \"draft_title\": \"\\u79d1\\u7814\\u7f51\\u7edc\", \"slug\": \"\\u79d1\\u7814\\u7f51\\u7edc\", \"content_type\": 6, \"live\": true, \"has_unpublished_changes\": false, \"url_path\": \"/\\u56fd\\u5bb6\\u547c\\u5438\\u75be\\u75c5\\u4e34\\u5e8a\\u533b\\u5b66\\u7814\\u7a76\\u4e2d\\u5fc3/\\u79d1\\u7814\\u7f51\\u7edc/\", \"owner\": 1, \"seo_title\": \"\", \"show_in_menus\": true, \"search_description\": \"\", \"go_live_at\": null, \"expire_at\": null, \"expired\": false, \"locked\": false, \"first_published_at\": null, \"last_published_at\": null, \"latest_revision_created_at\": null, \"live_revision\": null, \"content\": \"[{\\\"type\\\": \\\"title\\\", \\\"value\\\": \\\"\\\\u79d1\\\\u7814\\\\u7f51\\\\u7edc\\\", \\\"id\\\": \\\"4b627c6c-c1ce-408b-a883-17632a1fb132\\\"}]\", \"show_sidebar\": true, \"show_breadcrumb\": true}", "approved_go_live_at": null}}, {"model": "wagtailcore.pagerevision", "pk": 6, "fields": {"page": 8, "submitted_for_moderation": false, "created_at": "2019-01-04T19:55:22.268Z", "user": 1, "content_json": "{\"pk\": 8, \"path\": \"000100020005\", \"depth\": 3, \"numchild\": 0, \"title\": \"\\u79d1\\u7814\\u57f9\\u8bad\", \"draft_title\": \"\\u79d1\\u7814\\u57f9\\u8bad\", \"slug\": \"\\u79d1\\u7814\\u57f9\\u8bad\", \"content_type\": 6, \"live\": true, \"has_unpublished_changes\": false, \"url_path\": \"/\\u56fd\\u5bb6\\u547c\\u5438\\u75be\\u75c5\\u4e34\\u5e8a\\u533b\\u5b66\\u7814\\u7a76\\u4e2d\\u5fc3/\\u79d1\\u7814\\u57f9\\u8bad/\", \"owner\": 1, \"seo_title\": \"\", \"show_in_menus\": false, \"search_description\": \"\", \"go_live_at\": null, \"expire_at\": null, \"expired\": false, \"locked\": false, \"first_published_at\": null, \"last_published_at\": null, \"latest_revision_created_at\": null, \"live_revision\": null, \"content\": \"[{\\\"type\\\": \\\"title\\\", \\\"value\\\": \\\"\\\\u79d1\\\\u7814\\\\u57f9\\\\u8bad\\\", \\\"id\\\": \\\"a0722e66-5f3a-453d-ae8f-369574840349\\\"}]\", \"show_sidebar\": true, \"show_breadcrumb\": true}", "approved_go_live_at": null}}, {"model": "wagtailcore.pagerevision", "pk": 7, "fields": {"page": 9, "submitted_for_moderation": false, "created_at": "2019-01-04T19:55:35.688Z", "user": 1, "content_json": "{\"pk\": 9, \"path\": \"000100020006\", \"depth\": 3, \"numchild\": 0, \"title\": \"\\u79d1\\u7814\\u6210\\u679c\", \"draft_title\": \"\\u79d1\\u7814\\u6210\\u679c\", \"slug\": \"\\u79d1\\u7814\\u6210\\u679c\", \"content_type\": 6, \"live\": true, \"has_unpublished_changes\": false, \"url_path\": \"/\\u56fd\\u5bb6\\u547c\\u5438\\u75be\\u75c5\\u4e34\\u5e8a\\u533b\\u5b66\\u7814\\u7a76\\u4e2d\\u5fc3/\\u79d1\\u7814\\u6210\\u679c/\", \"owner\": 1, \"seo_title\": \"\", \"show_in_menus\": true, \"search_description\": \"\", \"go_live_at\": null, \"expire_at\": null, \"expired\": false, \"locked\": false, \"first_published_at\": null, \"last_published_at\": null, \"latest_revision_created_at\": null, \"live_revision\": null, \"content\": \"[{\\\"type\\\": \\\"title\\\", \\\"value\\\": \\\"\\\\u79d1\\\\u7814\\\\u6210\\\\u679c\\\", \\\"id\\\": \\\"288892eb-2994-4bb4-a75f-e45bfcbb1557\\\"}]\", \"show_sidebar\": true, \"show_breadcrumb\": true}", "approved_go_live_at": null}}, {"model": "wagtailcore.pagerevision", "pk": 8, "fields": {"page": 10, "submitted_for_moderation": false, "created_at": "2019-01-04T19:55:49.324Z", "user": 1, "content_json": "{\"pk\": 10, \"path\": \"000100020007\", \"depth\": 3, \"numchild\": 0, \"title\": \"\\u8f6c\\u5316\\u63a8\\u5e7f\", \"draft_title\": \"\\u8f6c\\u5316\\u63a8\\u5e7f\", \"slug\": \"\\u8f6c\\u5316\\u63a8\\u5e7f\", \"content_type\": 6, \"live\": true, \"has_unpublished_changes\": false, \"url_path\": \"/\\u56fd\\u5bb6\\u547c\\u5438\\u75be\\u75c5\\u4e34\\u5e8a\\u533b\\u5b66\\u7814\\u7a76\\u4e2d\\u5fc3/\\u8f6c\\u5316\\u63a8\\u5e7f/\", \"owner\": 1, \"seo_title\": \"\", \"show_in_menus\": true, \"search_description\": \"\", \"go_live_at\": null, \"expire_at\": null, \"expired\": false, \"locked\": false, \"first_published_at\": null, \"last_published_at\": null, \"latest_revision_created_at\": null, \"live_revision\": null, \"content\": \"[{\\\"type\\\": \\\"title\\\", \\\"value\\\": \\\"\\\\u8f6c\\\\u5316\\\\u63a8\\\\u5e7f\\\", \\\"id\\\": \\\"20374fc1-a096-4753-b2c5-987e1167f094\\\"}]\", \"show_sidebar\": true, \"show_breadcrumb\": true}", "approved_go_live_at": null}}, {"model": "wagtailcore.pagerevision", "pk": 9, "fields": {"page": 11, "submitted_for_moderation": false, "created_at": "2019-01-04T19:56:01.907Z", "user": 1, "content_json": "{\"pk\": 11, \"path\": \"000100020008\", \"depth\": 3, \"numchild\": 0, \"title\": \"\\u56fd\\u9645\\u4ea4\\u6d41\", \"draft_title\": \"\\u56fd\\u9645\\u4ea4\\u6d41\", \"slug\": \"\\u56fd\\u9645\\u4ea4\\u6d41\", \"content_type\": 6, \"live\": true, \"has_unpublished_changes\": false, \"url_path\": \"/\\u56fd\\u5bb6\\u547c\\u5438\\u75be\\u75c5\\u4e34\\u5e8a\\u533b\\u5b66\\u7814\\u7a76\\u4e2d\\u5fc3/\\u56fd\\u9645\\u4ea4\\u6d41/\", \"owner\": 1, \"seo_title\": \"\", \"show_in_menus\": true, \"search_description\": \"\", \"go_live_at\": null, \"expire_at\": null, \"expired\": false, \"locked\": false, \"first_published_at\": null, \"last_published_at\": null, \"latest_revision_created_at\": null, \"live_revision\": null, \"content\": \"[{\\\"type\\\": \\\"title\\\", \\\"value\\\": \\\"\\\\u56fd\\\\u9645\\\\u4ea4\\\\u6d41\\\", \\\"id\\\": \\\"dbac7e92-033f-421b-8bef-1d35c9dfa427\\\"}]\", \"show_sidebar\": true, \"show_breadcrumb\": true}", "approved_go_live_at": null}}, {"model": "wagtailcore.pagerevision", "pk": 10, "fields": {"page": 12, "submitted_for_moderation": false, "created_at": "2019-01-04T19:57:11.679Z", "user": 1, "content_json": "{\"pk\": 12, \"path\": \"0001000200010001\", \"depth\": 4, \"numchild\": 0, \"title\": \"\\u79d1\\u5b66\\u6307\\u5bfc\\u59d4\\u5458\\u4f1a\", \"draft_title\": \"\\u79d1\\u5b66\\u6307\\u5bfc\\u59d4\\u5458\\u4f1a\", \"slug\": \"\\u79d1\\u5b66\\u6307\\u5bfc\\u59d4\\u5458\\u4f1a\", \"content_type\": 6, \"live\": true, \"has_unpublished_changes\": false, \"url_path\": \"/\\u56fd\\u5bb6\\u547c\\u5438\\u75be\\u75c5\\u4e34\\u5e8a\\u533b\\u5b66\\u7814\\u7a76\\u4e2d\\u5fc3/\\u4e2d\\u5fc3\\u4ecb\\u7ecd/\\u79d1\\u5b66\\u6307\\u5bfc\\u59d4\\u5458\\u4f1a/\", \"owner\": 1, \"seo_title\": \"\", \"show_in_menus\": true, \"search_description\": \"\", \"go_live_at\": null, \"expire_at\": null, \"expired\": false, \"locked\": false, \"first_published_at\": null, \"last_published_at\": null, \"latest_revision_created_at\": null, \"live_revision\": null, \"content\": \"[{\\\"type\\\": \\\"title\\\", \\\"value\\\": \\\"\\\\u79d1\\\\u5b66\\\\u6307\\\\u5bfc\\\\u59d4\\\\u5458\\\\u4f1a\\\", \\\"id\\\": \\\"61617371-97da-418b-b979-a1fb3cb1ec44\\\"}, {\\\"type\\\": \\\"paragraph\\\", \\\"value\\\": \\\"<p>\\\\u8868\\\\u683c\\\\u7a0d\\\\u540e\\\\u5b9e\\\\u73b0</p>\\\", \\\"id\\\": \\\"bf3ca61e-3614-4d5f-8caf-33244ff16500\\\"}]\", \"show_sidebar\": true, \"show_breadcrumb\": true}", "approved_go_live_at": null}}, {"model": "wagtailcore.pagerevision", "pk": 11, "fields": {"page": 13, "submitted_for_moderation": false, "created_at": "2019-01-04T19:57:46.126Z", "user": 1, "content_json": "{\"pk\": 13, \"path\": \"0001000200010002\", \"depth\": 4, \"numchild\": 0, \"title\": \"\\u5b66\\u672f\\u6307\\u5bfc\\u59d4\\u5458\\u4f1a\", \"draft_title\": \"\\u5b66\\u672f\\u6307\\u5bfc\\u59d4\\u5458\\u4f1a\", \"slug\": \"\\u5b66\\u672f\\u6307\\u5bfc\\u59d4\\u5458\\u4f1a\", \"content_type\": 6, \"live\": true, \"has_unpublished_changes\": false, \"url_path\": \"/\\u56fd\\u5bb6\\u547c\\u5438\\u75be\\u75c5\\u4e34\\u5e8a\\u533b\\u5b66\\u7814\\u7a76\\u4e2d\\u5fc3/\\u4e2d\\u5fc3\\u4ecb\\u7ecd/\\u5b66\\u672f\\u6307\\u5bfc\\u59d4\\u5458\\u4f1a/\", \"owner\": 1, \"seo_title\": \"\", \"show_in_menus\": true, \"search_description\": \"\", \"go_live_at\": null, \"expire_at\": null, \"expired\": false, \"locked\": false, \"first_published_at\": null, \"last_published_at\": null, \"latest_revision_created_at\": null, \"live_revision\": null, \"content\": \"[{\\\"type\\\": \\\"title\\\", \\\"value\\\": \\\"\\\\u5b66\\\\u672f\\\\u6307\\\\u5bfc\\\\u59d4\\\\u5458\\\\u4f1a\\\", \\\"id\\\": \\\"a37487fd-efb5-489b-b68c-02aed136f0aa\\\"}]\", \"show_sidebar\": true, \"show_breadcrumb\": true}", "approved_go_live_at": null}}, {"model": "wagtailcore.pagerevision", "pk": 12, "fields": {"page": 14, "submitted_for_moderation": false, "created_at": "2019-01-04T19:58:06.297Z", "user": 1, "content_json": "{\"pk\": 14, \"path\": \"0001000200010003\", \"depth\": 4, \"numchild\": 0, \"title\": \"\\u7ec4\\u7ec7\\u67b6\\u6784\", \"draft_title\": \"\\u7ec4\\u7ec7\\u67b6\\u6784\", \"slug\": \"\\u7ec4\\u7ec7\\u67b6\\u6784\", \"content_type\": 6, \"live\": true, \"has_unpublished_changes\": false, \"url_path\": \"/\\u56fd\\u5bb6\\u547c\\u5438\\u75be\\u75c5\\u4e34\\u5e8a\\u533b\\u5b66\\u7814\\u7a76\\u4e2d\\u5fc3/\\u4e2d\\u5fc3\\u4ecb\\u7ecd/\\u7ec4\\u7ec7\\u67b6\\u6784/\", \"owner\": 1, \"seo_title\": \"\", \"show_in_menus\": true, \"search_description\": \"\", \"go_live_at\": null, \"expire_at\": null, \"expired\": false, \"locked\": false, \"first_published_at\": null, \"last_published_at\": null, \"latest_revision_created_at\": null, \"live_revision\": null, \"content\": \"[{\\\"type\\\": \\\"title\\\", \\\"value\\\": \\\"\\\\u7ec4\\\\u7ec7\\\\u67b6\\\\u6784\\\", \\\"id\\\": \\\"bfa8ed0d-76e9-47fe-936e-3b37f15e43c2\\\"}]\", \"show_sidebar\": true, \"show_breadcrumb\": true}", "approved_go_live_at": null}}, {"model": "wagtailcore.pagerevision", "pk": 13, "fields": {"page": 15, "submitted_for_moderation": false, "created_at": "2019-01-04T19:58:21.260Z", "user": 1, "content_json": "{\"pk\": 15, \"path\": \"0001000200010004\", \"depth\": 4, \"numchild\": 0, \"title\": \"\\u516c\\u5171\\u670d\\u52a1\\u5e73\\u53f0\", \"draft_title\": \"\\u516c\\u5171\\u670d\\u52a1\\u5e73\\u53f0\", \"slug\": \"\\u516c\\u5171\\u670d\\u52a1\\u5e73\\u53f0\", \"content_type\": 6, \"live\": true, \"has_unpublished_changes\": false, \"url_path\": \"/\\u56fd\\u5bb6\\u547c\\u5438\\u75be\\u75c5\\u4e34\\u5e8a\\u533b\\u5b66\\u7814\\u7a76\\u4e2d\\u5fc3/\\u4e2d\\u5fc3\\u4ecb\\u7ecd/\\u516c\\u5171\\u670d\\u52a1\\u5e73\\u53f0/\", \"owner\": 1, \"seo_title\": \"\", \"show_in_menus\": true, \"search_description\": \"\", \"go_live_at\": null, \"expire_at\": null, \"expired\": false, \"locked\": false, \"first_published_at\": null, \"last_published_at\": null, \"latest_revision_created_at\": null, \"live_revision\": null, \"content\": \"[{\\\"type\\\": \\\"title\\\", \\\"value\\\": \\\"\\\\u516c\\\\u5171\\\\u670d\\\\u52a1\\\\u5e73\\\\u53f0\\\", \\\"id\\\": \\\"a328a783-d0c2-49e3-afab-68345f070696\\\"}]\", \"show_sidebar\": true, \"show_breadcrumb\": true}", "approved_go_live_at": null}}, {"model": "wagtailcore.pagerevision", "pk": 14, "fields": {"page": 16, "submitted_for_moderation": false, "created_at": "2019-01-04T19:58:39.037Z", "user": 1, "content_json": "{\"pk\": 16, \"path\": \"0001000200010005\", \"depth\": 4, \"numchild\": 0, \"title\": \"\\u6838\\u5fc3\\u5355\\u4f4d\", \"draft_title\": \"\\u6838\\u5fc3\\u5355\\u4f4d\", \"slug\": \"\\u6838\\u5fc3\\u5355\\u4f4d\", \"content_type\": 6, \"live\": true, \"has_unpublished_changes\": false, \"url_path\": \"/\\u56fd\\u5bb6\\u547c\\u5438\\u75be\\u75c5\\u4e34\\u5e8a\\u533b\\u5b66\\u7814\\u7a76\\u4e2d\\u5fc3/\\u4e2d\\u5fc3\\u4ecb\\u7ecd/\\u6838\\u5fc3\\u5355\\u4f4d/\", \"owner\": 1, \"seo_title\": \"\", \"show_in_menus\": true, \"search_description\": \"\", \"go_live_at\": null, \"expire_at\": null, \"expired\": false, \"locked\": false, \"first_published_at\": null, \"last_published_at\": null, \"latest_revision_created_at\": null, \"live_revision\": null, \"content\": \"[{\\\"type\\\": \\\"title\\\", \\\"value\\\": \\\"\\\\u6838\\\\u5fc3\\\\u5355\\\\u4f4d\\\", \\\"id\\\": \\\"cf48408a-3c39-405f-afff-15776b8228a5\\\"}]\", \"show_sidebar\": true, \"show_breadcrumb\": true}", "approved_go_live_at": null}}, {"model": "wagtailcore.pagerevision", "pk": 15, "fields": {"page": 17, "submitted_for_moderation": false, "created_at": "2019-01-04T19:59:48.672Z", "user": 1, "content_json": "{\"pk\": 17, \"path\": \"00010002000100040001\", \"depth\": 5, \"numchild\": 0, \"title\": \"\\u751f\\u7269\\u533b\\u5b66\\u5b9e\\u9a8c\\u7814\\u7a76\\u5e73\\u53f0\", \"draft_title\": \"\\u751f\\u7269\\u533b\\u5b66\\u5b9e\\u9a8c\\u7814\\u7a76\\u5e73\\u53f0\", \"slug\": \"\\u751f\\u7269\\u533b\\u5b66\\u5b9e\\u9a8c\\u7814\\u7a76\\u5e73\\u53f0\", \"content_type\": 6, \"live\": true, \"has_unpublished_changes\": false, \"url_path\": \"/\\u56fd\\u5bb6\\u547c\\u5438\\u75be\\u75c5\\u4e34\\u5e8a\\u533b\\u5b66\\u7814\\u7a76\\u4e2d\\u5fc3/\\u4e2d\\u5fc3\\u4ecb\\u7ecd/\\u516c\\u5171\\u670d\\u52a1\\u5e73\\u53f0/\\u751f\\u7269\\u533b\\u5b66\\u5b9e\\u9a8c\\u7814\\u7a76\\u5e73\\u53f0/\", \"owner\": 1, \"seo_title\": \"\", \"show_in_menus\": true, \"search_description\": \"\", \"go_live_at\": null, \"expire_at\": null, \"expired\": false, \"locked\": false, \"first_published_at\": null, \"last_published_at\": null, \"latest_revision_created_at\": null, \"live_revision\": null, \"content\": \"[{\\\"type\\\": \\\"title\\\", \\\"value\\\": \\\"\\\\u751f\\\\u7269\\\\u533b\\\\u5b66\\\\u5b9e\\\\u9a8c\\\\u7814\\\\u7a76\\\\u5e73\\\\u53f0\\\", \\\"id\\\": \\\"e236e2e6-7d02-4fac-ae58-5a1022f95f61\\\"}]\", \"show_sidebar\": true, \"show_breadcrumb\": true}", "approved_go_live_at": null}}, {"model": "wagtailcore.pagerevision", "pk": 16, "fields": {"page": 18, "submitted_for_moderation": false, "created_at": "2019-01-04T20:00:15.708Z", "user": 1, "content_json": "{\"pk\": 18, \"path\": \"00010002000100040002\", \"depth\": 5, \"numchild\": 0, \"title\": \"\\u4e34\\u5e8a\\u7814\\u7a76\\u6570\\u636e\\u4e0e\\u9879\\u76ee\\u7ba1\\u7406\\u5e73\\u53f0\", \"draft_title\": \"\\u4e34\\u5e8a\\u7814\\u7a76\\u6570\\u636e\\u4e0e\\u9879\\u76ee\\u7ba1\\u7406\\u5e73\\u53f0\", \"slug\": \"\\u4e34\\u5e8a\\u7814\\u7a76\\u6570\\u636e\\u4e0e\\u9879\\u76ee\\u7ba1\\u7406\\u5e73\\u53f0\", \"content_type\": 6, \"live\": true, \"has_unpublished_changes\": false, \"url_path\": \"/\\u56fd\\u5bb6\\u547c\\u5438\\u75be\\u75c5\\u4e34\\u5e8a\\u533b\\u5b66\\u7814\\u7a76\\u4e2d\\u5fc3/\\u4e2d\\u5fc3\\u4ecb\\u7ecd/\\u516c\\u5171\\u670d\\u52a1\\u5e73\\u53f0/\\u4e34\\u5e8a\\u7814\\u7a76\\u6570\\u636e\\u4e0e\\u9879\\u76ee\\u7ba1\\u7406\\u5e73\\u53f0/\", \"owner\": 1, \"seo_title\": \"\", \"show_in_menus\": true, \"search_description\": \"\", \"go_live_at\": null, \"expire_at\": null, \"expired\": false, \"locked\": false, \"first_published_at\": null, \"last_published_at\": null, \"latest_revision_created_at\": null, \"live_revision\": null, \"content\": \"[{\\\"type\\\": \\\"title\\\", \\\"value\\\": \\\"\\\\u4e34\\\\u5e8a\\\\u7814\\\\u7a76\\\\u6570\\\\u636e\\\\u4e0e\\\\u9879\\\\u76ee\\\\u7ba1\\\\u7406\\\\u5e73\\\\u53f0\\\", \\\"id\\\": \\\"152f74c2-ded0-4c4f-bae7-6ccafe0294e7\\\"}, {\\\"type\\\": \\\"paragraph\\\", \\\"value\\\": \\\"<p><b>\\\\u57fa\\\\u672c\\\\u4fe1\\\\u606f\\\\uff1a </b></p><p>\\\\u4e34\\\\u5e8a\\\\u7814\\\\u7a76\\\\u6570\\\\u636e\\\\u4e0e\\\\u9879\\\\u76ee\\\\u7ba1\\\\u7406\\\\u5e73\\\\u53f0\\\\u662f\\\\u4e34\\\\u5e8a\\\\u7814\\\\u7a76\\\\u3001\\\\u5c24\\\\u5176\\\\u662f\\\\u5927\\\\u89c4\\\\u6a21\\\\u4e34\\\\u5e8a\\\\u7814\\\\u7a76\\\\u6240\\\\u5fc5\\\\u9700\\\\u7684\\\\u5e73\\\\u53f0\\\\u652f\\\\u6301\\\\u6761\\\\u4ef6\\\\u4e4b\\\\u4e00\\\\u3002\\\\u672c\\\\u4e2d\\\\u5fc3\\\\u5c06\\\\u5728\\\\u73b0\\\\u6709\\\\u4e34\\\\u5e8a\\\\u7814\\\\u7a76\\\\u6570\\\\u636e\\\\u4e0e\\\\u9879\\\\u76ee\\\\u7ba1\\\\u7406\\\\u5e73\\\\u53f0\\\\u57fa\\\\u7840\\\\u4e0a\\\\uff0c\\\\u4ece\\\\u4ee5\\\\u4e0b\\\\u4e09\\\\u4e2a\\\\u65b9\\\\u9762\\\\u8fdb\\\\u4e00\\\\u6b65\\\\u52a0\\\\u5f3a\\\\u4e34\\\\u5e8a\\\\u7814\\\\u7a76\\\\u6570\\\\u636e\\\\u4e0e\\\\u9879\\\\u76ee\\\\u7ba1\\\\u7406\\\\u5e73\\\\u53f0\\\\u5efa\\\\u8bbe\\\\uff1a\\\\uff081\\\\uff09 \\\\u8fdb\\\\u4e00\\\\u6b65\\\\u5f3a\\\\u5316\\\\u5e73\\\\u53f0\\\\u73b0\\\\u6709\\\\u804c\\\\u80fd\\\\uff0c\\\\u5305\\\\u62ec\\\\u4e34\\\\u5e8a\\\\u7814\\\\u7a76\\\\u8bbe\\\\u8ba1\\\\u3001\\\\u6570\\\\u636e\\\\u5e93\\\\u8bbe\\\\u8ba1\\\\u4e0e\\\\u7ef4\\\\u62a4\\\\u3001\\\\u4e34\\\\u5e8a\\\\u7814\\\\u7a76\\\\u6570\\\\u636e\\\\u8d28\\\\u63a7\\\\u3001\\\\u4e34\\\\u5e8a\\\\u7814\\\\u7a76\\\\u9879\\\\u76ee\\\\u6267\\\\u884c\\\\u4e0e\\\\u7ba1\\\\u7406\\\\u3001\\\\u6570\\\\u636e\\\\u5206\\\\u6790\\\\u4e0e\\\\u6570\\\\u636e\\\\u6316\\\\u6398\\\\u3001\\\\u8bba\\\\u6587\\\\u5199\\\\u4f5c\\\\u4e0e\\\\u6210\\\\u679c\\\\u8f6c\\\\u5316\\\\u7b49\\\\uff0c\\\\u901a\\\\u8fc7\\\\u4e13\\\\u9879\\\\u57f9\\\\u8bad\\\\uff0c\\\\u63d0\\\\u5347\\\\u73b0\\\\u6709\\\\u5e73\\\\u53f0\\\\u5de5\\\\u4f5c\\\\u4eba\\\\u5458\\\\u7684\\\\u6280\\\\u672f\\\\u6c34\\\\u5e73\\\\uff0c\\\\u540c\\\\u65f6\\\\u4e0e\\\\u76f8\\\\u5173\\\\u9886\\\\u57df\\\\u4e13\\\\u5bb6\\\\u3001\\\\u4e13\\\\u4e1a\\\\u5b66\\\\u672f\\\\u673a\\\\u6784\\\\u4fdd\\\\u6301\\\\u5bc6\\\\u5207\\\\u8054\\\\u7cfb\\\\uff0c\\\\u5efa\\\\u7acb\\\\u76f8\\\\u5173\\\\u4e13\\\\u4e1a\\\\u6280\\\\u672f\\\\u54a8\\\\u8be2\\\\u4e13\\\\u5bb6\\\\u5e93\\\\uff1b <br/></p>\\\", \\\"id\\\": \\\"f88841f2-76a7-4141-9f9f-e57b929c4aa4\\\"}]\", \"show_sidebar\": true, \"show_breadcrumb\": true}", "approved_go_live_at": null}}, {"model": "wagtailcore.pagerevision", "pk": 17, "fields": {"page": 19, "submitted_for_moderation": false, "created_at": "2019-01-04T20:00:58.867Z", "user": 1, "content_json": "{\"pk\": 19, \"path\": \"00010002000100040003\", \"depth\": 5, \"numchild\": 0, \"title\": \"\\u751f\\u7269\\u6837\\u672c\\u5e93\\u5e73\\u53f0\", \"draft_title\": \"\\u751f\\u7269\\u6837\\u672c\\u5e93\\u5e73\\u53f0\", \"slug\": \"\\u751f\\u7269\\u6837\\u672c\\u5e93\\u5e73\\u53f0\", \"content_type\": 6, \"live\": true, \"has_unpublished_changes\": false, \"url_path\": \"/\\u56fd\\u5bb6\\u547c\\u5438\\u75be\\u75c5\\u4e34\\u5e8a\\u533b\\u5b66\\u7814\\u7a76\\u4e2d\\u5fc3/\\u4e2d\\u5fc3\\u4ecb\\u7ecd/\\u516c\\u5171\\u670d\\u52a1\\u5e73\\u53f0/\\u751f\\u7269\\u6837\\u672c\\u5e93\\u5e73\\u53f0/\", \"owner\": 1, \"seo_title\": \"\", \"show_in_menus\": true, \"search_description\": \"\", \"go_live_at\": null, \"expire_at\": null, \"expired\": false, \"locked\": false, \"first_published_at\": null, \"last_published_at\": null, \"latest_revision_created_at\": null, \"live_revision\": null, \"content\": \"[{\\\"type\\\": \\\"title\\\", \\\"value\\\": \\\"\\\\u751f\\\\u7269\\\\u6837\\\\u672c\\\\u5e93\\\\u5e73\\\\u53f0\\\", \\\"id\\\": \\\"1c41f83c-068a-4d9e-aa29-81b0fb644a45\\\"}, {\\\"type\\\": \\\"paragraph\\\", \\\"value\\\": \\\"<p><b>\\\\u57fa\\\\u672c\\\\u4fe1\\\\u606f\\\\uff1a </b></p><p>\\\\u4e2d\\\\u5fc3\\\\u5c06\\\\u5728\\\\u73b0\\\\u6709\\\\u751f\\\\u7269\\\\u6837\\\\u672c\\\\u5e93\\\\u5e73\\\\u53f0\\\\u7684\\\\u57fa\\\\u7840\\\\u4e0a\\\\uff0c\\\\u8fdb\\\\u4e00\\\\u6b65\\\\u5efa\\\\u8bbe\\\\u3001\\\\u5b8c\\\\u5584\\\\u878d\\\\u5408\\\\u751f\\\\u7269\\\\u6837\\\\u672c\\\\u5b9e\\\\u4f53\\\\u3001\\\\u751f\\\\u7269\\\\u5206\\\\u5b50\\\\u4fe1\\\\u606f\\\\u548c\\\\u6837\\\\u672c\\\\u8868\\\\u578b\\\\u6570\\\\u636e\\\\u7b49\\\\u7efc\\\\u5408\\\\u8d44\\\\u6e90\\\\u7684\\\\u751f\\\\u7269\\\\u6837\\\\u672c\\\\u5e93\\\\uff0c\\\\u6210\\\\u4e3a\\\\u96c6\\\\u6210\\\\u57fa\\\\u7840\\\\u7814\\\\u7a76\\\\u4e0e\\\\u4e34\\\\u5e8a\\\\u5e94\\\\u7528\\\\u7684\\\\u91cd\\\\u8981\\\\u6280\\\\u672f\\\\u8f7d\\\\u4f53\\\\u3002\\\\u901a\\\\u8fc7\\\\u5c06\\\\u4e34\\\\u5e8a\\\\u8868\\\\u578b\\\\u6570\\\\u636e\\\\u4e0e\\\\u9057\\\\u4f20\\\\u6570\\\\u636e\\\\u6709\\\\u673a\\\\u6574\\\\u5408\\\\uff0c\\\\u5f62\\\\u6210\\\\u4ee5\\\\u7814\\\\u7a76\\\\u4e2a\\\\u4f53\\\\u4e3a\\\\u5355\\\\u4f4d\\\\u7684\\\\u751f\\\\u7269\\\\u533b\\\\u5b66\\\\u4fe1\\\\u606f\\\\u8d44\\\\u6e90\\\\u5e73\\\\u53f0\\\\uff0c\\\\u4e3a\\\\u4e34\\\\u5e8a\\\\u7814\\\\u7a76\\\\u548c\\\\u8f6c\\\\u5316\\\\u533b\\\\u5b66\\\\u7814\\\\u7a76\\\\u63d0\\\\u4f9b\\\\u91cd\\\\u8981\\\\u8d44\\\\u6e90\\\\u3002\\\\u4e2d\\\\u5fc3\\\\u5c06\\\\u5728\\\\u524d\\\\u671f\\\\u5de5\\\\u4f5c\\\\u7684\\\\u57fa\\\\u7840\\\\u4e0a\\\\uff0c\\\\u628a\\\\u4e34\\\\u5e8a\\\\u8bd5\\\\u9a8c\\\\u6570\\\\u636e\\\\u7ba1\\\\u7406\\\\u7cfb\\\\u7edf\\\\u53ca\\\\u751f\\\\u7269\\\\u6837\\\\u672c\\\\u5e93\\\\u7cfb\\\\u7edf\\\\u6574\\\\u5408\\\\u6210\\\\u4e3a\\\\u4e00\\\\u4e2a\\\\u5e73\\\\u53f0\\\\uff0c\\\\u5b9e\\\\u73b0\\\\u751f\\\\u7269\\\\u6837\\\\u672c\\\\u5e93\\\\u4e0e\\\\u4e34\\\\u5e8a\\\\u7814\\\\u7a76\\\\u4fe1\\\\u606f\\\\u6570\\\\u636e\\\\u5e93\\\\u4e4b\\\\u95f4\\\\u6570\\\\u636e\\\\u5171\\\\u4eab\\\\u53ca\\\\u4ea4\\\\u6362\\\\uff0c\\\\u63d0\\\\u9ad8\\\\u6837\\\\u672c\\\\u5e93\\\\u7684\\\\u4ef7\\\\u503c\\\\u3002\\\\u751f\\\\u7269\\\\u6837\\\\u672c\\\\u5e93\\\\u5e73\\\\u53f0\\\\u7684\\\\u8fd0\\\\u8425\\\\u7ba1\\\\u7406\\\\u5c06\\\\u4e25\\\\u683c\\\\u9075\\\\u5faa\\\\u6d41\\\\u7a0b\\\\u3001\\\\u64cd\\\\u4f5c\\\\u548c\\\\u6570\\\\u636e\\\\u6807\\\\u51c6\\\\u5316\\\\u3001\\\\u8d28\\\\u91cf\\\\u63a7\\\\u5236\\\\u548c\\\\u8d44\\\\u6e90\\\\u5171\\\\u4eab\\\\u539f\\\\u5219\\\\uff0c\\\\u4ee5\\\\u4fe1\\\\u606f\\\\u5316\\\\u624b\\\\u6bb5\\\\u5b9e\\\\u73b0\\\\u4e0d\\\\u540c\\\\u5730\\\\u57df\\\\u7684\\\\u6837\\\\u672c\\\\u5e93\\\\u3001\\\\u4e0d\\\\u540c\\\\u7814\\\\u7a76\\\\u7684\\\\u6837\\\\u672c\\\\u7684\\\\u9ad8\\\\u6548\\\\u5229\\\\u7528\\\\u53ca\\\\u5171\\\\u4eab\\\\u3002 <br/></p>\\\", \\\"id\\\": \\\"34d8ba36-0eda-4f4e-884d-40bcf0d25b28\\\"}]\", \"show_sidebar\": true, \"show_breadcrumb\": true}", "approved_go_live_at": null}}, {"model": "wagtailcore.pagerevision", "pk": 18, "fields": {"page": 20, "submitted_for_moderation": false, "created_at": "2019-01-04T20:05:04.838Z", "user": 1, "content_json": "{\"pk\": 20, \"path\": \"0001000200020001\", \"depth\": 4, \"numchild\": 0, \"title\": \"\\u4e2d\\u5fc3\\u4e3b\\u4efb\", \"draft_title\": \"\\u4e2d\\u5fc3\\u4e3b\\u4efb\", \"slug\": \"\\u4e2d\\u5fc3\\u4e3b\\u4efb\", \"content_type\": 6, \"live\": true, \"has_unpublished_changes\": false, \"url_path\": \"/\\u56fd\\u5bb6\\u547c\\u5438\\u75be\\u75c5\\u4e34\\u5e8a\\u533b\\u5b66\\u7814\\u7a76\\u4e2d\\u5fc3/\\u4e13\\u5bb6\\u56e2\\u961f/\\u4e2d\\u5fc3\\u4e3b\\u4efb/\", \"owner\": 1, \"seo_title\": \"\", \"show_in_menus\": true, \"search_description\": \"\", \"go_live_at\": null, \"expire_at\": null, \"expired\": false, \"locked\": false, \"first_published_at\": null, \"last_published_at\": null, \"latest_revision_created_at\": null, \"live_revision\": null, \"content\": \"[{\\\"type\\\": \\\"title\\\", \\\"value\\\": \\\"\\\\u4e2d\\\\u5fc3\\\\u4e3b\\\\u4efb\\\", \\\"id\\\": \\\"3c569d80-2bee-4647-8b7b-16a735a6daea\\\"}, {\\\"type\\\": \\\"paragraph\\\", \\\"value\\\": \\\"<p>\\\\u4e2a\\\\u4eba\\\\u540d\\\\u7247\\\\u6a21\\\\u5757\\\\u7a0d\\\\u540e\\\\u5b9e\\\\u73b0</p>\\\", \\\"id\\\": \\\"f1c9db54-f58f-4929-8e98-1b273d5afbb0\\\"}, {\\\"type\\\": \\\"heading\\\", \\\"value\\\": \\\"\\\\u4efb\\\\u804c\\\", \\\"id\\\": \\\"816df674-0ee3-4623-9a70-d6b62b82a1d2\\\"}, {\\\"type\\\": \\\"paragraph\\\", \\\"value\\\": \\\"<p>\\\\u4e2d\\\\u56fd\\\\u5de5\\\\u7a0b\\\\u9662\\\\u526f\\\\u9662\\\\u957f\\\\u3001\\\\u4e2d\\\\u56fd\\\\u533b\\\\u5b66\\\\u79d1\\\\u5b66\\\\u9662\\\\u5317\\\\u4eac\\\\u534f\\\\u548c\\\\u533b\\\\u5b66\\\\u9662\\\\u6821\\\\u957f\\\\u3001\\\\u4e2d\\\\u65e5\\\\u533b\\\\u9662\\\\u547c\\\\u5438\\\\u4e2d\\\\u5fc3\\\\u4e3b\\\\u4efb\\\\uff0c\\\\u5e76\\\\u517c\\\\u4efb\\\\u56fd\\\\u5bb6\\\\u547c\\\\u5438\\\\u75be\\\\u75c5\\\\u4e34\\\\u5e8a\\\\u533b\\\\u5b66\\\\u7814\\\\u7a76\\\\u4e2d\\\\u5fc3\\\\u4e3b\\\\u4efb\\\\u3001\\\\u4e2d\\\\u56fd\\\\u533b\\\\u5e08\\\\u534f\\\\u4f1a\\\\u547c\\\\u5438\\\\u533b\\\\u5e08\\\\u5206\\\\u4f1a\\\\u4f1a\\\\u957f\\\\u3001\\\\u9996\\\\u90fd\\\\u533b\\\\u79d1\\\\u5927\\\\u5b66\\\\u547c\\\\u5438\\\\u75c5\\\\u5b66\\\\u7cfb\\\\u4e3b\\\\u4efb\\\\u3001\\\\u56fd\\\\u9645\\\\u80ba\\\\u8840\\\\u7ba1\\\\u75c5\\\\u7814\\\\u7a76\\\\u9662(PVRI)\\\\u897f\\\\u592a\\\\u533a\\\\u526f\\\\u4e3b\\\\u5e2d\\\\u3001\\\\u4e16\\\\u754c\\\\u536b\\\\u751f\\\\u7ec4\\\\u7ec7\\\\u70df\\\\u8349\\\\u6216\\\\u5065\\\\u5eb7\\\\u5408\\\\u4f5c\\\\u4e2d\\\\u5fc3\\\\u4e3b\\\\u4efb\\\\u3001Clinical Respiratory Journal \\\\u4e3b\\\\u7f16\\\\u3001Chinese Medical Journal\\\\u4e3b\\\\u7f16\\\\u3001\\\\u4e2d\\\\u534e\\\\u533b\\\\u5b66\\\\u6742\\\\u5fd7\\\\u3001\\\\u4e2d\\\\u534e\\\\u7ed3\\\\u6838\\\\u548c\\\\u547c\\\\u5438\\\\u6742\\\\u5fd7\\\\u526f\\\\u4e3b\\\\u7f16\\\\u7b49\\\\u3002</p>\\\", \\\"id\\\": \\\"47237165-b256-4454-91e9-2c9bb7847473\\\"}, {\\\"type\\\": \\\"heading\\\", \\\"value\\\": \\\"\\\\u4e13\\\\u4e1a\\\\u9886\\\\u57df\\\", \\\"id\\\": \\\"894f486d-f3eb-465e-aac7-1d8b796ff2ab\\\"}, {\\\"type\\\": \\\"paragraph\\\", \\\"value\\\": \\\"<p>\\\\u957f\\\\u671f\\\\u4ece\\\\u4e8b\\\\u547c\\\\u5438\\\\u75be\\\\u75c5\\\\u7684\\\\u4e34\\\\u5e8a\\\\u3001\\\\u7814\\\\u7a76\\\\u3001\\\\u6559\\\\u5b66\\\\u5de5\\\\u4f5c\\\\uff0c\\\\u53d6\\\\u5f97\\\\u591a\\\\u9879\\\\u91cd\\\\u8981\\\\u521b\\\\u65b0\\\\u5e76\\\\u8fdb\\\\u5165\\\\u56fd\\\\u9645\\\\u8bca\\\\u7597\\\\u6307\\\\u5357\\\\u3002</p>\\\", \\\"id\\\": \\\"41155042-ebe2-4119-b3ac-1b2d814642fb\\\"}, {\\\"type\\\": \\\"heading\\\", \\\"value\\\": \\\"\\\\u4e3b\\\\u8981\\\\u6210\\\\u679c\\\", \\\"id\\\": \\\"7d38e7db-ec81-4487-9095-75a380d4086e\\\"}, {\\\"type\\\": \\\"paragraph\\\", \\\"value\\\": \\\"<p>\\\\u627f\\\\u62c5\\\\u56fd\\\\u5bb6\\\\u79d1\\\\u6280\\\\u652f\\\\u6491\\\\u3001863\\\\u3001973\\\\u8ba1\\\\u5212\\\\u53ca\\\\u56fd\\\\u5bb6\\\\u81ea\\\\u7136\\\\u79d1\\\\u5b66\\\\u57fa\\\\u91d1\\\\u91cd\\\\u70b9\\\\u9879\\\\u76ee\\\\u3001\\\\u536b\\\\u751f\\\\u90e8\\\\u884c\\\\u4e1a\\\\u79d1\\\\u7814\\\\u4e13\\\\u9879\\\\u7b49\\\\u56fd\\\\u5bb6\\\\u7ea7\\\\u79d1\\\\u7814\\\\u9879\\\\u76ee\\\\u3002\\\\u5728\\\\u300a\\\\u65b0\\\\u82f1\\\\u683c\\\\u5170\\\\u533b\\\\u5b66\\\\u6742\\\\u5fd7\\\\u300b\\\\u3001\\\\u300a\\\\u67f3\\\\u53f6\\\\u5200\\\\u300b\\\\u548c\\\\u300a\\\\u5185\\\\u79d1\\\\u5b66\\\\u5e74\\\\u9274\\\\u300b\\\\u7b49\\\\u56fd\\\\u9645\\\\u6743\\\\u5a01\\\\u533b\\\\u5b66\\\\u671f\\\\u520a\\\\u53d1\\\\u8868\\\\u8bba\\\\u8457\\\\u903e\\\\u767e\\\\u7bc7\\\\u3002 \\\\u83b7\\\\u56fd\\\\u5bb6\\\\u79d1\\\\u6280\\\\u8fdb\\\\u6b65\\\\u5956\\\\u4e00\\\\u7b49\\\\u59561\\\\u9879\\\\uff0c\\\\u56fd\\\\u5bb6\\\\u79d1\\\\u6280\\\\u8fdb\\\\u6b65\\\\u5956\\\\u4e8c\\\\u7b49\\\\u59563\\\\u9879\\\\u3002\\\\u66fe\\\\u88ab\\\\u8bc4\\\\u4e3a\\\\u5168\\\\u56fd\\\\u4f18\\\\u79c0\\\\u79d1\\\\u6280\\\\u5de5\\\\u4f5c\\\\u8005\\\\u3001\\\\u4e2d\\\\u56fd\\\\u5341\\\\u5927\\\\u6770\\\\u51fa\\\\u9752\\\\u5e74\\\\uff0c\\\\u83b7\\\\u5168\\\\u56fd\\\\u4e94\\\\u4e00\\\\u52b3\\\\u52a8\\\\u5956\\\\u7ae0\\\\u3001\\\\u4e16\\\\u754c\\\\u536b\\\\u751f\\\\u7ec4\\\\u7ec7\\\\u63a7\\\\u70df\\\\u6770\\\\u51fa\\\\u8d21\\\\u732e\\\\u5956\\\\u3001\\\\u4f55\\\\u6881\\\\u4f55\\\\u5229\\\\u57fa\\\\u91d1\\\\u79d1\\\\u5b66\\\\u4e0e\\\\u6280\\\\u672f\\\\u8fdb\\\\u6b65\\\\u5956\\\\u30022014\\\\u5e74\\\\uff0c\\\\u83b7\\\\u82f1\\\\u56fd\\\\u5e1d\\\\u56fd\\\\u7406\\\\u5de5\\\\u5b66\\\\u9662\\\\u533b\\\\u5b66\\\\u90e8\\\\u8363\\\\u6388\\\\u9662\\\\u58eb\\\\u3002</p>\\\", \\\"id\\\": \\\"9aeeeda2-6e46-497f-9040-722db329ad65\\\"}]\", \"show_sidebar\": true, \"show_breadcrumb\": true}", "approved_go_live_at": null}}, {"model": "wagtailcore.pagerevision", "pk": 19, "fields": {"page": 20, "submitted_for_moderation": false, "created_at": "2019-01-05T04:11:57.737Z", "user": 1, "content_json": "{\"pk\": 20, \"path\": \"0001000200020001\", \"depth\": 4, \"numchild\": 0, \"title\": \"\\u4e2d\\u5fc3\\u4e3b\\u4efb\", \"draft_title\": \"\\u4e2d\\u5fc3\\u4e3b\\u4efb\", \"slug\": \"\\u4e2d\\u5fc3\\u4e3b\\u4efb\", \"content_type\": 6, \"live\": true, \"has_unpublished_changes\": false, \"url_path\": \"/\\u56fd\\u5bb6\\u547c\\u5438\\u75be\\u75c5\\u4e34\\u5e8a\\u533b\\u5b66\\u7814\\u7a76\\u4e2d\\u5fc3/\\u4e13\\u5bb6\\u56e2\\u961f/\\u4e2d\\u5fc3\\u4e3b\\u4efb/\", \"owner\": 1, \"seo_title\": \"\", \"show_in_menus\": true, \"search_description\": \"\", \"go_live_at\": null, \"expire_at\": null, \"expired\": false, \"locked\": false, \"first_published_at\": \"2019-01-04T20:05:04.873Z\", \"last_published_at\": \"2019-01-04T20:05:04.873Z\", \"latest_revision_created_at\": \"2019-01-04T20:05:04.838Z\", \"live_revision\": 18, \"content\": \"[{\\\"type\\\": \\\"person_card\\\", \\\"value\\\": {\\\"picture\\\": 2, \\\"name\\\": \\\"\\\\u738b\\\\u8fb0\\\", \\\"description\\\": \\\"\\\\u533b\\\\u5b66\\\\u535a\\\\u58eb\\\\u3001\\\\u4e3b\\\\u4efb\\\\u533b\\\\u5e08\\\\u3001\\\\u6559\\\\u6388\\\\u3001\\\\u535a\\\\u58eb\\\\u751f\\\\u5bfc\\\\u5e08\\\\uff0c\\\\u4e2d\\\\u56fd\\\\u5de5\\\\u7a0b\\\\u9662\\\\u9662\\\\u58eb\\\"}, \\\"id\\\": \\\"359fab91-7a09-4a32-8632-7dc426b61869\\\"}, {\\\"type\\\": \\\"title\\\", \\\"value\\\": \\\"\\\\u4e2d\\\\u5fc3\\\\u4e3b\\\\u4efb\\\", \\\"id\\\": \\\"3c569d80-2bee-4647-8b7b-16a735a6daea\\\"}, {\\\"type\\\": \\\"paragraph\\\", \\\"value\\\": \\\"<p>\\\\u4e2a\\\\u4eba\\\\u540d\\\\u7247\\\\u6a21\\\\u5757\\\\u7a0d\\\\u540e\\\\u5b9e\\\\u73b0</p>\\\", \\\"id\\\": \\\"f1c9db54-f58f-4929-8e98-1b273d5afbb0\\\"}, {\\\"type\\\": \\\"heading\\\", \\\"value\\\": \\\"\\\\u4efb\\\\u804c\\\", \\\"id\\\": \\\"816df674-0ee3-4623-9a70-d6b62b82a1d2\\\"}, {\\\"type\\\": \\\"paragraph\\\", \\\"value\\\": \\\"<p>\\\\u4e2d\\\\u56fd\\\\u5de5\\\\u7a0b\\\\u9662\\\\u526f\\\\u9662\\\\u957f\\\\u3001\\\\u4e2d\\\\u56fd\\\\u533b\\\\u5b66\\\\u79d1\\\\u5b66\\\\u9662\\\\u5317\\\\u4eac\\\\u534f\\\\u548c\\\\u533b\\\\u5b66\\\\u9662\\\\u6821\\\\u957f\\\\u3001\\\\u4e2d\\\\u65e5\\\\u533b\\\\u9662\\\\u547c\\\\u5438\\\\u4e2d\\\\u5fc3\\\\u4e3b\\\\u4efb\\\\uff0c\\\\u5e76\\\\u517c\\\\u4efb\\\\u56fd\\\\u5bb6\\\\u547c\\\\u5438\\\\u75be\\\\u75c5\\\\u4e34\\\\u5e8a\\\\u533b\\\\u5b66\\\\u7814\\\\u7a76\\\\u4e2d\\\\u5fc3\\\\u4e3b\\\\u4efb\\\\u3001\\\\u4e2d\\\\u56fd\\\\u533b\\\\u5e08\\\\u534f\\\\u4f1a\\\\u547c\\\\u5438\\\\u533b\\\\u5e08\\\\u5206\\\\u4f1a\\\\u4f1a\\\\u957f\\\\u3001\\\\u9996\\\\u90fd\\\\u533b\\\\u79d1\\\\u5927\\\\u5b66\\\\u547c\\\\u5438\\\\u75c5\\\\u5b66\\\\u7cfb\\\\u4e3b\\\\u4efb\\\\u3001\\\\u56fd\\\\u9645\\\\u80ba\\\\u8840\\\\u7ba1\\\\u75c5\\\\u7814\\\\u7a76\\\\u9662(PVRI)\\\\u897f\\\\u592a\\\\u533a\\\\u526f\\\\u4e3b\\\\u5e2d\\\\u3001\\\\u4e16\\\\u754c\\\\u536b\\\\u751f\\\\u7ec4\\\\u7ec7\\\\u70df\\\\u8349\\\\u6216\\\\u5065\\\\u5eb7\\\\u5408\\\\u4f5c\\\\u4e2d\\\\u5fc3\\\\u4e3b\\\\u4efb\\\\u3001Clinical Respiratory Journal \\\\u4e3b\\\\u7f16\\\\u3001Chinese Medical Journal\\\\u4e3b\\\\u7f16\\\\u3001\\\\u4e2d\\\\u534e\\\\u533b\\\\u5b66\\\\u6742\\\\u5fd7\\\\u3001\\\\u4e2d\\\\u534e\\\\u7ed3\\\\u6838\\\\u548c\\\\u547c\\\\u5438\\\\u6742\\\\u5fd7\\\\u526f\\\\u4e3b\\\\u7f16\\\\u7b49\\\\u3002</p>\\\", \\\"id\\\": \\\"47237165-b256-4454-91e9-2c9bb7847473\\\"}, {\\\"type\\\": \\\"heading\\\", \\\"value\\\": \\\"\\\\u4e13\\\\u4e1a\\\\u9886\\\\u57df\\\", \\\"id\\\": \\\"894f486d-f3eb-465e-aac7-1d8b796ff2ab\\\"}, {\\\"type\\\": \\\"paragraph\\\", \\\"value\\\": \\\"<p>\\\\u957f\\\\u671f\\\\u4ece\\\\u4e8b\\\\u547c\\\\u5438\\\\u75be\\\\u75c5\\\\u7684\\\\u4e34\\\\u5e8a\\\\u3001\\\\u7814\\\\u7a76\\\\u3001\\\\u6559\\\\u5b66\\\\u5de5\\\\u4f5c\\\\uff0c\\\\u53d6\\\\u5f97\\\\u591a\\\\u9879\\\\u91cd\\\\u8981\\\\u521b\\\\u65b0\\\\u5e76\\\\u8fdb\\\\u5165\\\\u56fd\\\\u9645\\\\u8bca\\\\u7597\\\\u6307\\\\u5357\\\\u3002</p>\\\", \\\"id\\\": \\\"41155042-ebe2-4119-b3ac-1b2d814642fb\\\"}, {\\\"type\\\": \\\"heading\\\", \\\"value\\\": \\\"\\\\u4e3b\\\\u8981\\\\u6210\\\\u679c\\\", \\\"id\\\": \\\"7d38e7db-ec81-4487-9095-75a380d4086e\\\"}, {\\\"type\\\": \\\"paragraph\\\", \\\"value\\\": \\\"<p>\\\\u627f\\\\u62c5\\\\u56fd\\\\u5bb6\\\\u79d1\\\\u6280\\\\u652f\\\\u6491\\\\u3001863\\\\u3001973\\\\u8ba1\\\\u5212\\\\u53ca\\\\u56fd\\\\u5bb6\\\\u81ea\\\\u7136\\\\u79d1\\\\u5b66\\\\u57fa\\\\u91d1\\\\u91cd\\\\u70b9\\\\u9879\\\\u76ee\\\\u3001\\\\u536b\\\\u751f\\\\u90e8\\\\u884c\\\\u4e1a\\\\u79d1\\\\u7814\\\\u4e13\\\\u9879\\\\u7b49\\\\u56fd\\\\u5bb6\\\\u7ea7\\\\u79d1\\\\u7814\\\\u9879\\\\u76ee\\\\u3002\\\\u5728\\\\u300a\\\\u65b0\\\\u82f1\\\\u683c\\\\u5170\\\\u533b\\\\u5b66\\\\u6742\\\\u5fd7\\\\u300b\\\\u3001\\\\u300a\\\\u67f3\\\\u53f6\\\\u5200\\\\u300b\\\\u548c\\\\u300a\\\\u5185\\\\u79d1\\\\u5b66\\\\u5e74\\\\u9274\\\\u300b\\\\u7b49\\\\u56fd\\\\u9645\\\\u6743\\\\u5a01\\\\u533b\\\\u5b66\\\\u671f\\\\u520a\\\\u53d1\\\\u8868\\\\u8bba\\\\u8457\\\\u903e\\\\u767e\\\\u7bc7\\\\u3002 \\\\u83b7\\\\u56fd\\\\u5bb6\\\\u79d1\\\\u6280\\\\u8fdb\\\\u6b65\\\\u5956\\\\u4e00\\\\u7b49\\\\u59561\\\\u9879\\\\uff0c\\\\u56fd\\\\u5bb6\\\\u79d1\\\\u6280\\\\u8fdb\\\\u6b65\\\\u5956\\\\u4e8c\\\\u7b49\\\\u59563\\\\u9879\\\\u3002\\\\u66fe\\\\u88ab\\\\u8bc4\\\\u4e3a\\\\u5168\\\\u56fd\\\\u4f18\\\\u79c0\\\\u79d1\\\\u6280\\\\u5de5\\\\u4f5c\\\\u8005\\\\u3001\\\\u4e2d\\\\u56fd\\\\u5341\\\\u5927\\\\u6770\\\\u51fa\\\\u9752\\\\u5e74\\\\uff0c\\\\u83b7\\\\u5168\\\\u56fd\\\\u4e94\\\\u4e00\\\\u52b3\\\\u52a8\\\\u5956\\\\u7ae0\\\\u3001\\\\u4e16\\\\u754c\\\\u536b\\\\u751f\\\\u7ec4\\\\u7ec7\\\\u63a7\\\\u70df\\\\u6770\\\\u51fa\\\\u8d21\\\\u732e\\\\u5956\\\\u3001\\\\u4f55\\\\u6881\\\\u4f55\\\\u5229\\\\u57fa\\\\u91d1\\\\u79d1\\\\u5b66\\\\u4e0e\\\\u6280\\\\u672f\\\\u8fdb\\\\u6b65\\\\u5956\\\\u30022014\\\\u5e74\\\\uff0c\\\\u83b7\\\\u82f1\\\\u56fd\\\\u5e1d\\\\u56fd\\\\u7406\\\\u5de5\\\\u5b66\\\\u9662\\\\u533b\\\\u5b66\\\\u90e8\\\\u8363\\\\u6388\\\\u9662\\\\u58eb\\\\u3002</p>\\\", \\\"id\\\": \\\"9aeeeda2-6e46-497f-9040-722db329ad65\\\"}]\", \"show_sidebar\": true, \"show_breadcrumb\": true}", "approved_go_live_at": null}}, {"model": "wagtailcore.pagerevision", "pk": 20, "fields": {"page": 20, "submitted_for_moderation": false, "created_at": "2019-01-05T04:22:42.157Z", "user": 1, "content_json": "{\"pk\": 20, \"path\": \"0001000200020001\", \"depth\": 4, \"numchild\": 0, \"title\": \"\\u4e2d\\u5fc3\\u4e3b\\u4efb\", \"draft_title\": \"\\u4e2d\\u5fc3\\u4e3b\\u4efb\", \"slug\": \"\\u4e2d\\u5fc3\\u4e3b\\u4efb\", \"content_type\": 6, \"live\": true, \"has_unpublished_changes\": false, \"url_path\": \"/\\u56fd\\u5bb6\\u547c\\u5438\\u75be\\u75c5\\u4e34\\u5e8a\\u533b\\u5b66\\u7814\\u7a76\\u4e2d\\u5fc3/\\u4e13\\u5bb6\\u56e2\\u961f/\\u4e2d\\u5fc3\\u4e3b\\u4efb/\", \"owner\": 1, \"seo_title\": \"\", \"show_in_menus\": true, \"search_description\": \"\", \"go_live_at\": null, \"expire_at\": null, \"expired\": false, \"locked\": false, \"first_published_at\": \"2019-01-04T20:05:04.873Z\", \"last_published_at\": \"2019-01-05T04:11:58.507Z\", \"latest_revision_created_at\": \"2019-01-05T04:11:57.737Z\", \"live_revision\": 19, \"content\": \"[{\\\"type\\\": \\\"title\\\", \\\"value\\\": \\\"\\\\u4e2d\\\\u5fc3\\\\u4e3b\\\\u4efb\\\", \\\"id\\\": \\\"3c569d80-2bee-4647-8b7b-16a735a6daea\\\"}, {\\\"type\\\": \\\"person_card\\\", \\\"value\\\": {\\\"picture\\\": 2, \\\"name\\\": \\\"\\\\u738b\\\\u8fb0\\\", \\\"description\\\": \\\"\\\\u533b\\\\u5b66\\\\u535a\\\\u58eb\\\\u3001\\\\u4e3b\\\\u4efb\\\\u533b\\\\u5e08\\\\u3001\\\\u6559\\\\u6388\\\\u3001\\\\u535a\\\\u58eb\\\\u751f\\\\u5bfc\\\\u5e08\\\\uff0c\\\\u4e2d\\\\u56fd\\\\u5de5\\\\u7a0b\\\\u9662\\\\u9662\\\\u58eb\\\"}, \\\"id\\\": \\\"359fab91-7a09-4a32-8632-7dc426b61869\\\"}, {\\\"type\\\": \\\"heading\\\", \\\"value\\\": \\\"\\\\u4efb\\\\u804c\\\", \\\"id\\\": \\\"816df674-0ee3-4623-9a70-d6b62b82a1d2\\\"}, {\\\"type\\\": \\\"paragraph\\\", \\\"value\\\": \\\"<p>\\\\u4e2d\\\\u56fd\\\\u5de5\\\\u7a0b\\\\u9662\\\\u526f\\\\u9662\\\\u957f\\\\u3001\\\\u4e2d\\\\u56fd\\\\u533b\\\\u5b66\\\\u79d1\\\\u5b66\\\\u9662\\\\u5317\\\\u4eac\\\\u534f\\\\u548c\\\\u533b\\\\u5b66\\\\u9662\\\\u6821\\\\u957f\\\\u3001\\\\u4e2d\\\\u65e5\\\\u533b\\\\u9662\\\\u547c\\\\u5438\\\\u4e2d\\\\u5fc3\\\\u4e3b\\\\u4efb\\\\uff0c\\\\u5e76\\\\u517c\\\\u4efb\\\\u56fd\\\\u5bb6\\\\u547c\\\\u5438\\\\u75be\\\\u75c5\\\\u4e34\\\\u5e8a\\\\u533b\\\\u5b66\\\\u7814\\\\u7a76\\\\u4e2d\\\\u5fc3\\\\u4e3b\\\\u4efb\\\\u3001\\\\u4e2d\\\\u56fd\\\\u533b\\\\u5e08\\\\u534f\\\\u4f1a\\\\u547c\\\\u5438\\\\u533b\\\\u5e08\\\\u5206\\\\u4f1a\\\\u4f1a\\\\u957f\\\\u3001\\\\u9996\\\\u90fd\\\\u533b\\\\u79d1\\\\u5927\\\\u5b66\\\\u547c\\\\u5438\\\\u75c5\\\\u5b66\\\\u7cfb\\\\u4e3b\\\\u4efb\\\\u3001\\\\u56fd\\\\u9645\\\\u80ba\\\\u8840\\\\u7ba1\\\\u75c5\\\\u7814\\\\u7a76\\\\u9662(PVRI)\\\\u897f\\\\u592a\\\\u533a\\\\u526f\\\\u4e3b\\\\u5e2d\\\\u3001\\\\u4e16\\\\u754c\\\\u536b\\\\u751f\\\\u7ec4\\\\u7ec7\\\\u70df\\\\u8349\\\\u6216\\\\u5065\\\\u5eb7\\\\u5408\\\\u4f5c\\\\u4e2d\\\\u5fc3\\\\u4e3b\\\\u4efb\\\\u3001Clinical Respiratory Journal \\\\u4e3b\\\\u7f16\\\\u3001Chinese Medical Journal\\\\u4e3b\\\\u7f16\\\\u3001\\\\u4e2d\\\\u534e\\\\u533b\\\\u5b66\\\\u6742\\\\u5fd7\\\\u3001\\\\u4e2d\\\\u534e\\\\u7ed3\\\\u6838\\\\u548c\\\\u547c\\\\u5438\\\\u6742\\\\u5fd7\\\\u526f\\\\u4e3b\\\\u7f16\\\\u7b49\\\\u3002</p>\\\", \\\"id\\\": \\\"47237165-b256-4454-91e9-2c9bb7847473\\\"}, {\\\"type\\\": \\\"heading\\\", \\\"value\\\": \\\"\\\\u4e13\\\\u4e1a\\\\u9886\\\\u57df\\\", \\\"id\\\": \\\"894f486d-f3eb-465e-aac7-1d8b796ff2ab\\\"}, {\\\"type\\\": \\\"paragraph\\\", \\\"value\\\": \\\"<p>\\\\u957f\\\\u671f\\\\u4ece\\\\u4e8b\\\\u547c\\\\u5438\\\\u75be\\\\u75c5\\\\u7684\\\\u4e34\\\\u5e8a\\\\u3001\\\\u7814\\\\u7a76\\\\u3001\\\\u6559\\\\u5b66\\\\u5de5\\\\u4f5c\\\\uff0c\\\\u53d6\\\\u5f97\\\\u591a\\\\u9879\\\\u91cd\\\\u8981\\\\u521b\\\\u65b0\\\\u5e76\\\\u8fdb\\\\u5165\\\\u56fd\\\\u9645\\\\u8bca\\\\u7597\\\\u6307\\\\u5357\\\\u3002</p>\\\", \\\"id\\\": \\\"41155042-ebe2-4119-b3ac-1b2d814642fb\\\"}, {\\\"type\\\": \\\"heading\\\", \\\"value\\\": \\\"\\\\u4e3b\\\\u8981\\\\u6210\\\\u679c\\\", \\\"id\\\": \\\"7d38e7db-ec81-4487-9095-75a380d4086e\\\"}, {\\\"type\\\": \\\"paragraph\\\", \\\"value\\\": \\\"<p>\\\\u627f\\\\u62c5\\\\u56fd\\\\u5bb6\\\\u79d1\\\\u6280\\\\u652f\\\\u6491\\\\u3001863\\\\u3001973\\\\u8ba1\\\\u5212\\\\u53ca\\\\u56fd\\\\u5bb6\\\\u81ea\\\\u7136\\\\u79d1\\\\u5b66\\\\u57fa\\\\u91d1\\\\u91cd\\\\u70b9\\\\u9879\\\\u76ee\\\\u3001\\\\u536b\\\\u751f\\\\u90e8\\\\u884c\\\\u4e1a\\\\u79d1\\\\u7814\\\\u4e13\\\\u9879\\\\u7b49\\\\u56fd\\\\u5bb6\\\\u7ea7\\\\u79d1\\\\u7814\\\\u9879\\\\u76ee\\\\u3002\\\\u5728\\\\u300a\\\\u65b0\\\\u82f1\\\\u683c\\\\u5170\\\\u533b\\\\u5b66\\\\u6742\\\\u5fd7\\\\u300b\\\\u3001\\\\u300a\\\\u67f3\\\\u53f6\\\\u5200\\\\u300b\\\\u548c\\\\u300a\\\\u5185\\\\u79d1\\\\u5b66\\\\u5e74\\\\u9274\\\\u300b\\\\u7b49\\\\u56fd\\\\u9645\\\\u6743\\\\u5a01\\\\u533b\\\\u5b66\\\\u671f\\\\u520a\\\\u53d1\\\\u8868\\\\u8bba\\\\u8457\\\\u903e\\\\u767e\\\\u7bc7\\\\u3002 \\\\u83b7\\\\u56fd\\\\u5bb6\\\\u79d1\\\\u6280\\\\u8fdb\\\\u6b65\\\\u5956\\\\u4e00\\\\u7b49\\\\u59561\\\\u9879\\\\uff0c\\\\u56fd\\\\u5bb6\\\\u79d1\\\\u6280\\\\u8fdb\\\\u6b65\\\\u5956\\\\u4e8c\\\\u7b49\\\\u59563\\\\u9879\\\\u3002\\\\u66fe\\\\u88ab\\\\u8bc4\\\\u4e3a\\\\u5168\\\\u56fd\\\\u4f18\\\\u79c0\\\\u79d1\\\\u6280\\\\u5de5\\\\u4f5c\\\\u8005\\\\u3001\\\\u4e2d\\\\u56fd\\\\u5341\\\\u5927\\\\u6770\\\\u51fa\\\\u9752\\\\u5e74\\\\uff0c\\\\u83b7\\\\u5168\\\\u56fd\\\\u4e94\\\\u4e00\\\\u52b3\\\\u52a8\\\\u5956\\\\u7ae0\\\\u3001\\\\u4e16\\\\u754c\\\\u536b\\\\u751f\\\\u7ec4\\\\u7ec7\\\\u63a7\\\\u70df\\\\u6770\\\\u51fa\\\\u8d21\\\\u732e\\\\u5956\\\\u3001\\\\u4f55\\\\u6881\\\\u4f55\\\\u5229\\\\u57fa\\\\u91d1\\\\u79d1\\\\u5b66\\\\u4e0e\\\\u6280\\\\u672f\\\\u8fdb\\\\u6b65\\\\u5956\\\\u30022014\\\\u5e74\\\\uff0c\\\\u83b7\\\\u82f1\\\\u56fd\\\\u5e1d\\\\u56fd\\\\u7406\\\\u5de5\\\\u5b66\\\\u9662\\\\u533b\\\\u5b66\\\\u90e8\\\\u8363\\\\u6388\\\\u9662\\\\u58eb\\\\u3002</p>\\\", \\\"id\\\": \\\"9aeeeda2-6e46-497f-9040-722db329ad65\\\"}]\", \"show_sidebar\": true, \"show_breadcrumb\": true}", "approved_go_live_at": null}}, {"model": "wagtailcore.pagerevision", "pk": 21, "fields": {"page": 20, "submitted_for_moderation": false, "created_at": "2019-01-05T04:36:28.158Z", "user": 1, "content_json": "{\"pk\": 20, \"path\": \"0001000200020001\", \"depth\": 4, \"numchild\": 0, \"title\": \"\\u4e2d\\u5fc3\\u4e3b\\u4efb\", \"draft_title\": \"\\u4e2d\\u5fc3\\u4e3b\\u4efb\", \"slug\": \"\\u4e2d\\u5fc3\\u4e3b\\u4efb\", \"content_type\": 6, \"live\": true, \"has_unpublished_changes\": false, \"url_path\": \"/\\u56fd\\u5bb6\\u547c\\u5438\\u75be\\u75c5\\u4e34\\u5e8a\\u533b\\u5b66\\u7814\\u7a76\\u4e2d\\u5fc3/\\u4e13\\u5bb6\\u56e2\\u961f/\\u4e2d\\u5fc3\\u4e3b\\u4efb/\", \"owner\": 1, \"seo_title\": \"\", \"show_in_menus\": true, \"search_description\": \"\", \"go_live_at\": null, \"expire_at\": null, \"expired\": false, \"locked\": false, \"first_published_at\": \"2019-01-04T20:05:04.873Z\", \"last_published_at\": \"2019-01-05T04:22:42.955Z\", \"latest_revision_created_at\": \"2019-01-05T04:22:42.157Z\", \"live_revision\": 20, \"content\": \"[{\\\"type\\\": \\\"person_card\\\", \\\"value\\\": {\\\"picture\\\": 2, \\\"name\\\": \\\"\\\\u738b\\\\u8fb0\\\", \\\"description\\\": \\\"\\\\u533b\\\\u5b66\\\\u535a\\\\u58eb\\\\u3001\\\\u4e3b\\\\u4efb\\\\u533b\\\\u5e08\\\\u3001\\\\u6559\\\\u6388\\\\u3001\\\\u535a\\\\u58eb\\\\u751f\\\\u5bfc\\\\u5e08\\\\uff0c\\\\u4e2d\\\\u56fd\\\\u5de5\\\\u7a0b\\\\u9662\\\\u9662\\\\u58eb\\\"}, \\\"id\\\": \\\"359fab91-7a09-4a32-8632-7dc426b61869\\\"}, {\\\"type\\\": \\\"heading\\\", \\\"value\\\": \\\"\\\\u4efb\\\\u804c\\\", \\\"id\\\": \\\"816df674-0ee3-4623-9a70-d6b62b82a1d2\\\"}, {\\\"type\\\": \\\"paragraph\\\", \\\"value\\\": \\\"<p>\\\\u4e2d\\\\u56fd\\\\u5de5\\\\u7a0b\\\\u9662\\\\u526f\\\\u9662\\\\u957f\\\\u3001\\\\u4e2d\\\\u56fd\\\\u533b\\\\u5b66\\\\u79d1\\\\u5b66\\\\u9662\\\\u5317\\\\u4eac\\\\u534f\\\\u548c\\\\u533b\\\\u5b66\\\\u9662\\\\u6821\\\\u957f\\\\u3001\\\\u4e2d\\\\u65e5\\\\u533b\\\\u9662\\\\u547c\\\\u5438\\\\u4e2d\\\\u5fc3\\\\u4e3b\\\\u4efb\\\\uff0c\\\\u5e76\\\\u517c\\\\u4efb\\\\u56fd\\\\u5bb6\\\\u547c\\\\u5438\\\\u75be\\\\u75c5\\\\u4e34\\\\u5e8a\\\\u533b\\\\u5b66\\\\u7814\\\\u7a76\\\\u4e2d\\\\u5fc3\\\\u4e3b\\\\u4efb\\\\u3001\\\\u4e2d\\\\u56fd\\\\u533b\\\\u5e08\\\\u534f\\\\u4f1a\\\\u547c\\\\u5438\\\\u533b\\\\u5e08\\\\u5206\\\\u4f1a\\\\u4f1a\\\\u957f\\\\u3001\\\\u9996\\\\u90fd\\\\u533b\\\\u79d1\\\\u5927\\\\u5b66\\\\u547c\\\\u5438\\\\u75c5\\\\u5b66\\\\u7cfb\\\\u4e3b\\\\u4efb\\\\u3001\\\\u56fd\\\\u9645\\\\u80ba\\\\u8840\\\\u7ba1\\\\u75c5\\\\u7814\\\\u7a76\\\\u9662(PVRI)\\\\u897f\\\\u592a\\\\u533a\\\\u526f\\\\u4e3b\\\\u5e2d\\\\u3001\\\\u4e16\\\\u754c\\\\u536b\\\\u751f\\\\u7ec4\\\\u7ec7\\\\u70df\\\\u8349\\\\u6216\\\\u5065\\\\u5eb7\\\\u5408\\\\u4f5c\\\\u4e2d\\\\u5fc3\\\\u4e3b\\\\u4efb\\\\u3001Clinical Respiratory Journal \\\\u4e3b\\\\u7f16\\\\u3001Chinese Medical Journal\\\\u4e3b\\\\u7f16\\\\u3001\\\\u4e2d\\\\u534e\\\\u533b\\\\u5b66\\\\u6742\\\\u5fd7\\\\u3001\\\\u4e2d\\\\u534e\\\\u7ed3\\\\u6838\\\\u548c\\\\u547c\\\\u5438\\\\u6742\\\\u5fd7\\\\u526f\\\\u4e3b\\\\u7f16\\\\u7b49\\\\u3002</p>\\\", \\\"id\\\": \\\"47237165-b256-4454-91e9-2c9bb7847473\\\"}, {\\\"type\\\": \\\"heading\\\", \\\"value\\\": \\\"\\\\u4e13\\\\u4e1a\\\\u9886\\\\u57df\\\", \\\"id\\\": \\\"894f486d-f3eb-465e-aac7-1d8b796ff2ab\\\"}, {\\\"type\\\": \\\"paragraph\\\", \\\"value\\\": \\\"<p>\\\\u957f\\\\u671f\\\\u4ece\\\\u4e8b\\\\u547c\\\\u5438\\\\u75be\\\\u75c5\\\\u7684\\\\u4e34\\\\u5e8a\\\\u3001\\\\u7814\\\\u7a76\\\\u3001\\\\u6559\\\\u5b66\\\\u5de5\\\\u4f5c\\\\uff0c\\\\u53d6\\\\u5f97\\\\u591a\\\\u9879\\\\u91cd\\\\u8981\\\\u521b\\\\u65b0\\\\u5e76\\\\u8fdb\\\\u5165\\\\u56fd\\\\u9645\\\\u8bca\\\\u7597\\\\u6307\\\\u5357\\\\u3002</p>\\\", \\\"id\\\": \\\"41155042-ebe2-4119-b3ac-1b2d814642fb\\\"}, {\\\"type\\\": \\\"heading\\\", \\\"value\\\": \\\"\\\\u4e3b\\\\u8981\\\\u6210\\\\u679c\\\", \\\"id\\\": \\\"7d38e7db-ec81-4487-9095-75a380d4086e\\\"}, {\\\"type\\\": \\\"paragraph\\\", \\\"value\\\": \\\"<p>\\\\u627f\\\\u62c5\\\\u56fd\\\\u5bb6\\\\u79d1\\\\u6280\\\\u652f\\\\u6491\\\\u3001863\\\\u3001973\\\\u8ba1\\\\u5212\\\\u53ca\\\\u56fd\\\\u5bb6\\\\u81ea\\\\u7136\\\\u79d1\\\\u5b66\\\\u57fa\\\\u91d1\\\\u91cd\\\\u70b9\\\\u9879\\\\u76ee\\\\u3001\\\\u536b\\\\u751f\\\\u90e8\\\\u884c\\\\u4e1a\\\\u79d1\\\\u7814\\\\u4e13\\\\u9879\\\\u7b49\\\\u56fd\\\\u5bb6\\\\u7ea7\\\\u79d1\\\\u7814\\\\u9879\\\\u76ee\\\\u3002\\\\u5728\\\\u300a\\\\u65b0\\\\u82f1\\\\u683c\\\\u5170\\\\u533b\\\\u5b66\\\\u6742\\\\u5fd7\\\\u300b\\\\u3001\\\\u300a\\\\u67f3\\\\u53f6\\\\u5200\\\\u300b\\\\u548c\\\\u300a\\\\u5185\\\\u79d1\\\\u5b66\\\\u5e74\\\\u9274\\\\u300b\\\\u7b49\\\\u56fd\\\\u9645\\\\u6743\\\\u5a01\\\\u533b\\\\u5b66\\\\u671f\\\\u520a\\\\u53d1\\\\u8868\\\\u8bba\\\\u8457\\\\u903e\\\\u767e\\\\u7bc7\\\\u3002 \\\\u83b7\\\\u56fd\\\\u5bb6\\\\u79d1\\\\u6280\\\\u8fdb\\\\u6b65\\\\u5956\\\\u4e00\\\\u7b49\\\\u59561\\\\u9879\\\\uff0c\\\\u56fd\\\\u5bb6\\\\u79d1\\\\u6280\\\\u8fdb\\\\u6b65\\\\u5956\\\\u4e8c\\\\u7b49\\\\u59563\\\\u9879\\\\u3002\\\\u66fe\\\\u88ab\\\\u8bc4\\\\u4e3a\\\\u5168\\\\u56fd\\\\u4f18\\\\u79c0\\\\u79d1\\\\u6280\\\\u5de5\\\\u4f5c\\\\u8005\\\\u3001\\\\u4e2d\\\\u56fd\\\\u5341\\\\u5927\\\\u6770\\\\u51fa\\\\u9752\\\\u5e74\\\\uff0c\\\\u83b7\\\\u5168\\\\u56fd\\\\u4e94\\\\u4e00\\\\u52b3\\\\u52a8\\\\u5956\\\\u7ae0\\\\u3001\\\\u4e16\\\\u754c\\\\u536b\\\\u751f\\\\u7ec4\\\\u7ec7\\\\u63a7\\\\u70df\\\\u6770\\\\u51fa\\\\u8d21\\\\u732e\\\\u5956\\\\u3001\\\\u4f55\\\\u6881\\\\u4f55\\\\u5229\\\\u57fa\\\\u91d1\\\\u79d1\\\\u5b66\\\\u4e0e\\\\u6280\\\\u672f\\\\u8fdb\\\\u6b65\\\\u5956\\\\u30022014\\\\u5e74\\\\uff0c\\\\u83b7\\\\u82f1\\\\u56fd\\\\u5e1d\\\\u56fd\\\\u7406\\\\u5de5\\\\u5b66\\\\u9662\\\\u533b\\\\u5b66\\\\u90e8\\\\u8363\\\\u6388\\\\u9662\\\\u58eb\\\\u3002</p>\\\", \\\"id\\\": \\\"9aeeeda2-6e46-497f-9040-722db329ad65\\\"}]\", \"show_sidebar\": true, \"show_breadcrumb\": true}", "approved_go_live_at": null}}, {"model": "wagtailcore.pagerevision", "pk": 22, "fields": {"page": 16, "submitted_for_moderation": false, "created_at": "2019-01-05T07:28:01.238Z", "user": 1, "content_json": "{\"pk\": 16, \"path\": \"0001000200010005\", \"depth\": 4, \"numchild\": 0, \"title\": \"\\u6838\\u5fc3\\u5355\\u4f4d\", \"draft_title\": \"\\u6838\\u5fc3\\u5355\\u4f4d\", \"slug\": \"\\u6838\\u5fc3\\u5355\\u4f4d\", \"content_type\": 6, \"live\": true, \"has_unpublished_changes\": false, \"url_path\": \"/\\u56fd\\u5bb6\\u547c\\u5438\\u75be\\u75c5\\u4e34\\u5e8a\\u533b\\u5b66\\u7814\\u7a76\\u4e2d\\u5fc3/\\u4e2d\\u5fc3\\u4ecb\\u7ecd/\\u6838\\u5fc3\\u5355\\u4f4d/\", \"owner\": 1, \"seo_title\": \"\", \"show_in_menus\": true, \"search_description\": \"\", \"go_live_at\": null, \"expire_at\": null, \"expired\": false, \"locked\": false, \"first_published_at\": \"2019-01-04T19:58:39.075Z\", \"last_published_at\": \"2019-01-04T19:58:39.075Z\", \"latest_revision_created_at\": \"2019-01-04T19:58:39.037Z\", \"live_revision\": 14, \"content\": \"[{\\\"type\\\": \\\"organization_card\\\", \\\"value\\\": {\\\"picture\\\": 3, \\\"name\\\": \\\"\\\\u4e2d\\\\u65e5\\\\u53cb\\\\u597d\\\\u533b\\\\u9662\\\", \\\"description\\\": \\\"\\\\u4e2d\\\\u65e5\\\\u53cb\\\\u597d\\\\u533b\\\\u9662\\\\u7b80\\\\u79f0\\\\u201c\\\\u4e2d\\\\u65e5\\\\u533b\\\\u9662\\\\u201d\\\\u4f4d\\\\u4e8e\\\\u5317\\\\u4eac\\\\u5e02\\\\u671d\\\\u9633\\\\u533a\\\\u6a31\\\\u82b1\\\\u56ed\\\\u4e1c\\\\u88572\\\\u53f7\\\\uff0c\\\\u662f\\\\u4e2d\\\\u534e\\\\u4eba\\\\u6c11\\\\u5171\\\\u548c\\\\u56fd\\\\u56fd\\\\u5bb6\\\\u536b\\\\u751f\\\\u548c\\\\u8ba1\\\\u5212\\\\u751f\\\\u80b2\\\\u59d4\\\\u5458\\\\u4f1a\\\\u76f4\\\\u5c5e\\\\u533b\\\\u9662\\\\uff0c\\\\u4e8e1984\\\\u5e7410\\\\u670823\\\\u65e5\\\\u5f00\\\\u9662\\\\u3002\\\\u73b0\\\\u7f16\\\\u5236\\\\u5e8a\\\\u4f4d1700\\\\u5f20\\\\uff08\\\\u542b\\\\u5317\\\\u533a\\\\u3001\\\\u897f\\\\u533a\\\\uff09\\\\uff0c\\\\u96c6\\\\u533b\\\\u7597\\\\u3001\\\\u6559\\\\u5b66\\\\u3001\\\\u79d1\\\\u7814\\\\u3001\\\\u5eb7\\\\u590d\\\\u548c\\\\u9884\\\\u9632\\\\u4fdd\\\\u5065\\\\u7b49\\\\u591a\\\\u9879\\\\u529f\\\\u80fd\\\\u4e3a\\\\u4e00\\\\u4f53\\\\u5e76\\\\u627f\\\\u62c5\\\\u4e2d\\\\u592e\\\\u4fdd\\\\u5065\\\\u533b\\\\u7597\\\\u5eb7\\\\u590d\\\\u4efb\\\\u52a1\\\\u3001\\\\u56fd\\\\u5bb6\\\\u536b\\\\u751f\\\\u5e94\\\\u6025\\\\u6551\\\\u63f4\\\\u961f\\\\u4efb\\\\u52a1\\\\u3002\\\"}, \\\"id\\\": \\\"853f267d-0cb3-4a83-b50c-b3ee9768ce34\\\"}, {\\\"type\\\": \\\"organization_card\\\", \\\"value\\\": {\\\"picture\\\": 4, \\\"name\\\": \\\"\\\\u9996\\\\u90fd\\\\u533b\\\\u79d1\\\\u5927\\\\u5b66\\\\u547c\\\\u5438\\\\u5b66\\\\u7cfb\\\", \\\"description\\\": \\\"\\\\u5b66\\\\u7cfb\\\\u8bbe\\\\u7acb\\\\u4e86\\\\u547c\\\\u5438\\\\u75c5\\\\u5b66\\\\u9886\\\\u57df\\\\u768415\\\\u4e2a\\\\u4e13\\\\u4e1a\\\\u7ec4\\\\uff0c\\\\u6bcf\\\\u7ec4\\\\u8bbe\\\\u6709\\\\u4e13\\\\u95e8\\\\u4eba\\\\u5458\\\\u548c\\\\u68af\\\\u961f\\\\u5728\\\\u5404\\\\u4e2a\\\\u4e9a\\\\u4e13\\\\u4e1a\\\\u9886\\\\u57df\\\\u8fdb\\\\u884c\\\\u6df1\\\\u5165\\\\u7814\\\\u7a76\\\\uff0c\\\\u5b9e\\\\u884c\\\\u4e13\\\\u4e1a\\\\u7ec4\\\\u7ec4\\\\u957f\\\\u8d1f\\\\u8d23\\\\u5236\\\\u3002\\\\u5728\\\\u6b64\\\\u57fa\\\\u7840\\\\u4e0a\\\\uff0c\\\\u6839\\\\u636e\\\\u56fd\\\\u5bb6\\\\u75be\\\\u75c5\\\\u9632\\\\u63a7\\\\u7684\\\\u603b\\\\u4f53\\\\u9700\\\\u6c42\\\\u4ee5\\\\u53ca\\\\u5f53\\\\u524d\\\\u547c\\\\u5438\\\\u5b66\\\\u79d1\\\\u7684\\\\u70ed\\\\u70b9\\\\u96be\\\\u70b9\\\\u95ee\\\\u9898\\\\uff0c\\\\u7ed3\\\\u5408\\\\u5b66\\\\u7cfb\\\\u81ea\\\\u8eab\\\\u7684\\\\u5386\\\\u53f2\\\\u6cbf\\\\u9769\\\\u548c\\\\u7814\\\\u7a76\\\\u7279\\\\u8272\\\\uff0c\\\\u51dd\\\\u70bc\\\\u4e86\\\\u4e94\\\\u4e2a\\\\u4e3b\\\\u8981\\\\u7814\\\\u7a76\\\\u65b9\\\\u5411\\\\uff1a\\\\u547c\\\\u5438\\\\u8870\\\\u7aed\\\\u4e0e\\\\u547c\\\\u5438\\\\u652f\\\\u6301\\\\u6280\\\\u672f\\\\u3001\\\\u80ba\\\\u6813\\\\u585e\\\\u4e0e\\\\u80ba\\\\u8840\\\\u7ba1\\\\u75be\\\\u75c5\\\\u2026\\\"}, \\\"id\\\": \\\"0106d36c-39f2-43b4-8dae-fe458c7e5bb8\\\"}, {\\\"type\\\": \\\"organization_card\\\", \\\"value\\\": {\\\"picture\\\": 5, \\\"name\\\": \\\"\\\\u5317\\\\u4eac\\\\u534f\\\\u548c\\\\u533b\\\\u9662\\\", \\\"description\\\": \\\"\\\\u5317\\\\u4eac\\\\u534f\\\\u548c\\\\u533b\\\\u9662\\\\u662f\\\\u96c6\\\\u533b\\\\u7597\\\\u3001\\\\u6559\\\\u5b66\\\\u3001\\\\u79d1\\\\u7814\\\\u4e8e\\\\u4e00\\\\u4f53\\\\u7684\\\\u5927\\\\u578b\\\\u4e09\\\\u7ea7\\\\u7532\\\\u7b49\\\\u7efc\\\\u5408\\\\u533b\\\\u9662\\\\uff0c\\\\u662f\\\\u56fd\\\\u5bb6\\\\u536b\\\\u751f\\\\u8ba1\\\\u751f\\\\u59d4\\\\u6307\\\\u5b9a\\\\u7684\\\\u5168\\\\u56fd\\\\u7591\\\\u96be\\\\u91cd\\\\u75c7\\\\u8bca\\\\u6cbb\\\\u6307\\\\u5bfc\\\\u4e2d\\\\u5fc3\\\\uff0c\\\\u4e5f\\\\u662f\\\\u6700\\\\u65e9\\\\u627f\\\\u62c5\\\\u9ad8\\\\u5e72\\\\u4fdd\\\\u5065\\\\u548c\\\\u5916\\\\u5bbe\\\\u533b\\\\u7597\\\\u4efb\\\\u52a1\\\\u7684\\\\u533b\\\\u9662\\\\u4e4b\\\\u4e00\\\\uff0c\\\\u4ee5\\\\u5b66\\\\u79d1\\\\u9f50\\\\u5168\\\\u3001\\\\u6280\\\\u672f\\\\u529b\\\\u91cf\\\\u96c4\\\\u539a\\\\u3001\\\\u7279\\\\u8272\\\\u4e13\\\\u79d1\\\\u7a81\\\\u51fa\\\\u3001\\\\u591a\\\\u5b66\\\\u79d1\\\\u7efc\\\\u5408\\\\u4f18\\\\u52bf\\\\u5f3a\\\\u5927\\\\uff0c\\\\u4eab\\\\u8a89\\\\u6d77\\\\u5185\\\\u5916\\\\u3002\\\"}, \\\"id\\\": \\\"8f109836-856a-4833-9b22-d7c94bc6b8ca\\\"}, {\\\"type\\\": \\\"organization_card\\\", \\\"value\\\": {\\\"picture\\\": 6, \\\"name\\\": \\\"\\\\u4e2d\\\\u56fd\\\\u4eba\\\\u6c11\\\\u89e3\\\\u653e\\\\u519b\\\\u603b\\\\u533b\\\\u9662\\\\uff08301\\\\u533b\\\\u9662\\\\uff09\\\", \\\"description\\\": \\\"\\\\u521b\\\\u5efa\\\\u4e8e1953\\\\u5e74\\\\uff0c\\\\u662f\\\\u96c6\\\\u533b\\\\u7597\\\\u3001\\\\u4fdd\\\\u5065\\\\u3001\\\\u6559\\\\u5b66\\\\u3001\\\\u79d1\\\\u7814\\\\u4e8e\\\\u4e00\\\\u4f53\\\\u7684\\\\u5927\\\\u578b\\\\u73b0\\\\u4ee3\\\\u5316\\\\u7efc\\\\u5408\\\\u6027\\\\u533b\\\\u9662\\\\u3002\\\\u533b\\\\u9662\\\\u662f\\\\u4e2d\\\\u592e\\\\u91cd\\\\u8981\\\\u4fdd\\\\u5065\\\\u57fa\\\\u5730\\\\uff0c\\\\u627f\\\\u62c5\\\\u519b\\\\u59d4\\\\u3001\\\\u603b\\\\u90e8\\\\u7b49\\\\u591a\\\\u4e2a\\\\u4f53\\\\u7cfb\\\\u5355\\\\u4f4d\\\\u3001\\\\u5b98\\\\u5175\\\\u7684\\\\u533b\\\\u7597\\\\u4fdd\\\\u5065\\\\u548c\\\\u5404\\\\u519b\\\\u533a\\\\u3001\\\\u519b\\\\u5175\\\\u79cd\\\\u8f6c\\\\u8bca\\\\u3001\\\\u540e\\\\u9001\\\\u7684\\\\u7591\\\\u96be\\\\u75c5\\\\u8bca\\\\u6cbb\\\\u4efb\\\\u52a1\\\\u3002\\\\u533b\\\\u9662\\\\u540c\\\\u65f6\\\\u53c8\\\\u662f\\\\u89e3\\\\u653e\\\\u519b\\\\u533b\\\\u5b66\\\\u9662\\\\uff0c\\\\u4ee5\\\\u7814\\\\u7a76\\\\u751f\\\\u6559\\\\u80b2\\\\u4e3a\\\\u4e3b\\\\uff0c\\\\u662f\\\\u5168\\\\u519b\\\\u552f\\\\u4e00\\\\u4e00\\\\u6240\\\\u533b\\\\u9662\\\\u529e\\\\u5b66\\\\u5355\\\\u4f4d\\\\u3002\\\"}, \\\"id\\\": \\\"3b5b739b-c851-4870-841f-44a4a5799a24\\\"}, {\\\"type\\\": \\\"organization_card\\\", \\\"value\\\": {\\\"picture\\\": 7, \\\"name\\\": \\\"\\\\u4e2d\\\\u56fd\\\\u533b\\\\u79d1\\\\u5927\\\\u5b66\\\\u9644\\\\u5c5e\\\\u7b2c\\\\u4e00\\\\u533b\\\\u9662\\\", \\\"description\\\": \\\"\\\\u4ee5\\\\u4eba\\\\u624d\\\\u5b9e\\\\u529b\\\\u548c\\\\u6280\\\\u672f\\\\u4f18\\\\u52bf\\\\uff0c\\\\u53d1\\\\u5c55\\\\u6210\\\\u4e3a\\\\u56fd\\\\u5185\\\\u5916\\\\u77e5\\\\u540d\\\\u7684\\\\u533a\\\\u57df\\\\u6027\\\\u7591\\\\u96be\\\\u6025\\\\u91cd\\\\u75c7\\\\u8bca\\\\u6cbb\\\\u4e2d\\\\u5fc3\\\\uff0c\\\\u5728\\\\u56fd\\\\u5185\\\\u5916\\\\u536b\\\\u751f\\\\u754c\\\\u4eab\\\\u6709\\\\u5f88\\\\u9ad8\\\\u7684\\\\u58f0\\\\u8a89\\\\u3002\\\\u4f5c\\\\u4e3a\\\\u8fbd\\\\u5b81\\\\u7701\\\\u7591\\\\u96be\\\\u6025\\\\u91cd\\\\u75c7\\\\u8bca\\\\u6cbb\\\\u4e2d\\\\u5fc3\\\\uff0c\\\\u540c\\\\u65f6\\\\u4e5f\\\\u662f\\\\u56fd\\\\u5bb6\\\\u536b\\\\u751f\\\\u8ba1\\\\u751f\\\\u59d4\\\\u6307\\\\u5b9a\\\\u7684\\\\u4e1c\\\\u5317\\\\u4e09\\\\u7701\\\\u552f\\\\u4e00\\\\u7684\\\\u5168\\\\u56fd11\\\\u4e2a\\\\u56fd\\\\u5bb6\\\\u7ea7\\\\u5e94\\\\u6025\\\\u533b\\\\u7597\\\\u6551\\\\u63f4\\\\u4e2d\\\\u5fc3\\\\u4e4b\\\\u4e00\\\\u548c4\\\\u4e2a\\\\u521d\\\\u7ea7\\\\u521b\\\\u4f24\\\\u6551\\\\u6cbb\\\\u4e2d\\\\u5fc3\\\\u4e4b\\\\u4e00\\\\uff0c\\\\u533b\\\\u9662\\\\u5728\\\\u6297\\\\u51fb\\\\u975e\\\\u5178\\\\u3001\\\\u6297\\\\u51fb\\\\u624b\\\\u8db3\\\\u53e3\\\\u75c5\\\\u3001\\\\u9632\\\\u6cbb\\\\u6d41\\\\u611f\\\\u3001\\\\u6297\\\\u9707\\\\u6551\\\\u707e\\\\u7b49\\\\u2026\\\"}, \\\"id\\\": \\\"095b8ddf-a297-4be1-a879-09e4e4a22d42\\\"}, {\\\"type\\\": \\\"organization_card\\\", \\\"value\\\": {\\\"picture\\\": 8, \\\"name\\\": \\\"\\\\u897f\\\\u5b89\\\\u4ea4\\\\u901a\\\\u5927\\\\u5b66\\\\u9644\\\\u5c5e\\\\u7b2c\\\\u4e00\\\\u533b\\\\u9662\\\", \\\"description\\\": \\\"\\\\u897f\\\\u5b89\\\\u4ea4\\\\u901a\\\\u5927\\\\u5b66\\\\u7b2c\\\\u4e00\\\\u9644\\\\u5c5e\\\\u533b\\\\u9662\\\\u662f\\\\u56fd\\\\u5bb6\\\\u536b\\\\u751f\\\\u8ba1\\\\u751f\\\\u59d4\\\\u59d4\\\\u7ba1\\\\u5927\\\\u578b\\\\u7efc\\\\u5408\\\\u6027\\\\u4e09\\\\u7ea7\\\\u7532\\\\u7b49\\\\u533b\\\\u9662\\\\uff0c\\\\u662f\\\\u5168\\\\u56fd\\\\u9996\\\\u6279\\\\u66a8\\\\u9655\\\\u897f\\\\u7701\\\\u9996\\\\u5bb6\\\\u201c\\\\u4e09\\\\u7ea7\\\\u7532\\\\u7b49\\\\u533b\\\\u9662\\\\u201d\\\\u3001\\\\u5168\\\\u56fd\\\\u9996\\\\u6279\\\\u201c\\\\u767e\\\\u4f73\\\\u533b\\\\u9662\\\\u201d\\\\uff0c\\\\u81ea1956\\\\u5e74\\\\u5efa\\\\u9662\\\\u4ee5\\\\u6765\\\\uff0c\\\\u575a\\\\u6301\\\\u4ee5\\\\u7cbe\\\\u6e5b\\\\u7684\\\\u533b\\\\u7597\\\\u6280\\\\u672f\\\\u3001\\\\u4e25\\\\u8c28\\\\u7684\\\\u6cbb\\\\u5b66\\\\u6001\\\\u5ea6\\\\u3001\\\\u6c42\\\\u5b9e\\\\u7684\\\\u79d1\\\\u7814\\\\u4f5c\\\\u98ce\\\\u548c\\\\u4f18\\\\u79c0\\\\u7684\\\\u670d\\\\u52a1\\\\u54c1\\\\u8d28\\\\u5f00\\\\u5c55\\\\u533b\\\\u7597\\\\u3001\\\\u6559\\\\u5b66\\\\u548c\\\\u79d1\\\\u7814\\\\u5de5\\\\u4f5c\\\\u3002\\\"}, \\\"id\\\": \\\"9355b012-6cf8-4046-b587-eef79e01cb1a\\\"}]\", \"show_sidebar\": true, \"show_breadcrumb\": true}", "approved_go_live_at": null}}, {"model": "wagtailcore.pagerevision", "pk": 23, "fields": {"page": 21, "submitted_for_moderation": false, "created_at": "2019-01-05T07:44:28.864Z", "user": 1, "content_json": "{\"pk\": 21, \"path\": \"0001000200030001\", \"depth\": 4, \"numchild\": 0, \"title\": \"\\u7eb5\\u5411\\u9879\\u76ee\", \"draft_title\": \"\\u7eb5\\u5411\\u9879\\u76ee\", \"slug\": \"\\u7eb5\\u5411\\u9879\\u76ee\", \"content_type\": 6, \"live\": true, \"has_unpublished_changes\": false, \"url_path\": \"/\\u56fd\\u5bb6\\u547c\\u5438\\u75be\\u75c5\\u4e34\\u5e8a\\u533b\\u5b66\\u7814\\u7a76\\u4e2d\\u5fc3/\\u627f\\u62c5\\u9879\\u76ee/\\u7eb5\\u5411\\u9879\\u76ee/\", \"owner\": 1, \"seo_title\": \"\", \"show_in_menus\": true, \"search_description\": \"\", \"go_live_at\": null, \"expire_at\": null, \"expired\": false, \"locked\": false, \"first_published_at\": null, \"last_published_at\": null, \"latest_revision_created_at\": null, \"live_revision\": null, \"content\": \"[{\\\"type\\\": \\\"title\\\", \\\"value\\\": \\\"\\\\u7eb5\\\\u5411\\\\u9879\\\\u76ee\\\", \\\"id\\\": \\\"43c9e6d4-b5de-4a29-94ac-24a88bfdd2db\\\"}]\", \"show_sidebar\": true, \"show_breadcrumb\": true}", "approved_go_live_at": null}}, {"model": "wagtailcore.pagerevision", "pk": 24, "fields": {"page": 22, "submitted_for_moderation": false, "created_at": "2019-01-05T07:45:08.156Z", "user": 1, "content_json": "{\"pk\": 22, \"path\": \"00010002000300010001\", \"depth\": 5, \"numchild\": 0, \"title\": \"\\u56fd\\u5bb6\\u91cd\\u70b9\\u7814\\u53d1\\u57fa\\u91d1\", \"draft_title\": \"\\u56fd\\u5bb6\\u91cd\\u70b9\\u7814\\u53d1\\u57fa\\u91d1\", \"slug\": \"\\u56fd\\u5bb6\\u91cd\\u70b9\\u7814\\u53d1\\u57fa\\u91d1\", \"content_type\": 6, \"live\": true, \"has_unpublished_changes\": false, \"url_path\": \"/\\u56fd\\u5bb6\\u547c\\u5438\\u75be\\u75c5\\u4e34\\u5e8a\\u533b\\u5b66\\u7814\\u7a76\\u4e2d\\u5fc3/\\u627f\\u62c5\\u9879\\u76ee/\\u7eb5\\u5411\\u9879\\u76ee/\\u56fd\\u5bb6\\u91cd\\u70b9\\u7814\\u53d1\\u57fa\\u91d1/\", \"owner\": 1, \"seo_title\": \"\", \"show_in_menus\": true, \"search_description\": \"\", \"go_live_at\": null, \"expire_at\": null, \"expired\": false, \"locked\": false, \"first_published_at\": null, \"last_published_at\": null, \"latest_revision_created_at\": null, \"live_revision\": null, \"content\": \"[{\\\"type\\\": \\\"title\\\", \\\"value\\\": \\\"\\\\u56fd\\\\u5bb6\\\\u91cd\\\\u70b9\\\\u7814\\\\u53d1\\\\u57fa\\\\u91d1\\\", \\\"id\\\": \\\"1c676a22-c06a-44cf-bd39-b7b7847e998b\\\"}]\", \"show_sidebar\": true, \"show_breadcrumb\": true}", "approved_go_live_at": null}}, {"model": "wagtailcore.pagerevision", "pk": 25, "fields": {"page": 22, "submitted_for_moderation": false, "created_at": "2019-01-05T07:47:36.793Z", "user": 1, "content_json": "{\"pk\": 22, \"path\": \"00010002000300010001\", \"depth\": 5, \"numchild\": 0, \"title\": \"\\u56fd\\u5bb6\\u91cd\\u70b9\\u7814\\u53d1\\u57fa\\u91d1\", \"draft_title\": \"\\u56fd\\u5bb6\\u91cd\\u70b9\\u7814\\u53d1\\u57fa\\u91d1\", \"slug\": \"\\u56fd\\u5bb6\\u91cd\\u70b9\\u7814\\u53d1\\u57fa\\u91d1\", \"content_type\": 6, \"live\": true, \"has_unpublished_changes\": false, \"url_path\": \"/\\u56fd\\u5bb6\\u547c\\u5438\\u75be\\u75c5\\u4e34\\u5e8a\\u533b\\u5b66\\u7814\\u7a76\\u4e2d\\u5fc3/\\u627f\\u62c5\\u9879\\u76ee/\\u7eb5\\u5411\\u9879\\u76ee/\\u56fd\\u5bb6\\u91cd\\u70b9\\u7814\\u53d1\\u57fa\\u91d1/\", \"owner\": 1, \"seo_title\": \"\", \"show_in_menus\": true, \"search_description\": \"\", \"go_live_at\": null, \"expire_at\": null, \"expired\": false, \"locked\": false, \"first_published_at\": \"2019-01-05T07:45:09.016Z\", \"last_published_at\": \"2019-01-05T07:45:09.016Z\", \"latest_revision_created_at\": \"2019-01-05T07:45:08.156Z\", \"live_revision\": 24, \"content\": \"[{\\\"type\\\": \\\"study_card\\\", \\\"value\\\": {\\\"title\\\": \\\"\\\\u6162\\\\u963b\\\\u80ba\\\\u5371\\\\u9669\\\\u56e0\\\\u7d20\\\\u3001\\\\u75c5\\\\u56e0\\\\u4e0e\\\\u53d1\\\\u75c5\\\\u673a\\\\u5236\\\\u7814\\\\u7a76\\\", \\\"type\\\": \\\"\\\\u56fd\\\\u5bb6\\\\u91cd\\\\u70b9\\\\u7814\\\\u53d1\\\\u9879\\\\u76ee\\\", \\\"leader\\\": \\\"\\\\u738b\\\\u8fb0\\\", \\\"description\\\": \\\"\\\\u672c\\\\u9879\\\\u76ee\\\\u901a\\\\u8fc7\\\\u5bf9\\\\u6162\\\\u963b\\\\u80ba\\\\u76f8\\\\u5173\\\\u6570\\\\u636e\\\\u548c\\\\u751f\\\\u7269\\\\u6807\\\\u672c\\\\u7684\\\\u91c7\\\\u96c6\\\\uff0c\\\\u6784\\\\u5efa\\\\u6570\\\\u636e\\\\u5e93\\\\u548c\\\\u751f\\\\u7269\\\\u6837\\\\u672c\\\\u5e93\\\\uff0c\\\\u636e\\\\u6b64\\\\u91c7\\\\u7528\\\\u73b0\\\\u4ee3\\\\u7684\\\\u5927\\\\u6570\\\\u636e\\\\u5206\\\\u6790\\\\u65b9\\\\u6cd5\\\\uff0c\\\\u548c\\\\u4ee5\\\\u57fa\\\\u56e0\\\\u7ec4\\\\u5b66\\\\u4e3a\\\\u4ee3\\\\u8868\\\\u7684\\\\u591a\\\\u91cd\\\\u7ec4\\\\u5b66\\\\u6280\\\\u672f\\\\u8fdb\\\\u884c\\\\u5206\\\\u6790\\\\uff0c\\\\u6765\\\\u8fdb\\\\u884c\\\\u6162\\\\u963b\\\\u80ba\\\\u5185\\\\u56e0\\\\u548c\\\\u5916\\\\u56e0\\\\u7684\\\\u76f8\\\\u5173\\\\u56e0\\\\u7d20\\\\u5206\\\\u6790\\\\u3002\\\", \\\"status\\\": \\\"finished\\\"}, \\\"id\\\": \\\"4dc54510-6461-43e7-9991-46753250e138\\\"}, {\\\"type\\\": \\\"study_card\\\", \\\"value\\\": {\\\"title\\\": \\\"\\\\u7cd6\\\\u76ae\\\\u8d28\\\\u6fc0\\\\u7d20\\\\u6cbb\\\\u7597\\\\u91cd\\\\u75c7\\\\u6162\\\\u963b\\\\u80ba\\\\u6025\\\\u6027\\\\u52a0\\\\u91cd\\\\u60a3\\\\u8005\\\\u7684\\\\u7597\\\\u6548\\\\u8bc4\\\\u4ef7\\\", \\\"type\\\": \\\"\\\\u56fd\\\\u5bb6\\\\u91cd\\\\u70b9\\\\u7814\\\\u53d1\\\\u9879\\\\u76ee\\\", \\\"leader\\\": \\\"\\\\u6881\\\\u5b97\\\\u5b89\\\", \\\"description\\\": \\\"\\\\u5206\\\\u6790AECOPD\\\\u6025\\\\u6027\\\\u52a0\\\\u91cd\\\\u4f4f\\\\u9662\\\\u60a3\\\\u8005\\\\u5728\\\\u6025\\\\u6027\\\\u52a0\\\\u91cd\\\\u671f\\\\u548c\\\\u7a33\\\\u5b9a\\\\u671f\\\\u7684\\\\u4eba\\\\u53e3\\\\u5b66\\\\u7279\\\\u5f81\\\\u3001\\\\u4e34\\\\u5e8a\\\\u7279\\\\u5f81\\\\u3001\\\\u6cbb\\\\u7597\\\\u3001\\\\u9884\\\\u540e\\\\u8f6c\\\\u5f52\\\\u53ca\\\\u7ecf\\\\u6d4e\\\\u8d1f\\\\u62c5\\\\u7684\\\\u73b0\\\\u72b6\\\\uff0c\\\\u8bc4\\\\u4ef7\\\\u4e0d\\\\u540c\\\\u75be\\\\u75c5\\\\u7279\\\\u5f81\\\\u3002\\\", \\\"status\\\": \\\"ongoing\\\"}, \\\"id\\\": \\\"063a2a39-b44c-4ae6-bd53-499ac91405ff\\\"}]\", \"show_sidebar\": true, \"show_breadcrumb\": true}", "approved_go_live_at": null}}, {"model": "wagtailcore.pagerevision", "pk": 26, "fields": {"page": 23, "submitted_for_moderation": false, "created_at": "2019-01-05T09:20:30.014Z", "user": 1, "content_json": "{\"pk\": 23, \"path\": \"0001000200060001\", \"depth\": 4, \"numchild\": 0, \"title\": \"\\u4e13\\u8457\\u76ee\\u5f55\", \"draft_title\": \"\\u4e13\\u8457\\u76ee\\u5f55\", \"slug\": \"\\u4e13\\u8457\\u76ee\\u5f55\", \"content_type\": 6, \"live\": true, \"has_unpublished_changes\": false, \"url_path\": \"/\\u56fd\\u5bb6\\u547c\\u5438\\u75be\\u75c5\\u4e34\\u5e8a\\u533b\\u5b66\\u7814\\u7a76\\u4e2d\\u5fc3/\\u79d1\\u7814\\u6210\\u679c/\\u4e13\\u8457\\u76ee\\u5f55/\", \"owner\": 1, \"seo_title\": \"\", \"show_in_menus\": true, \"search_description\": \"\", \"go_live_at\": null, \"expire_at\": null, \"expired\": false, \"locked\": false, \"first_published_at\": null, \"last_published_at\": null, \"latest_revision_created_at\": null, \"live_revision\": null, \"content\": \"[{\\\"type\\\": \\\"book_card\\\", \\\"value\\\": {\\\"title\\\": \\\"\\\\u547c\\\\u5438\\\\u4e0e\\\\u5371\\\\u91cd\\\\u75c7\\\\u533b\\\\u5b66\\\", \\\"author\\\": \\\"\\\\u738b\\\\u8fb0\\\\u3001\\\\u8fdf\\\\u6625\\\\u82b1\\\", \\\"description\\\": \\\"\\\\u672c\\\\u6559\\\\u6750\\\\u56f4\\\\u7ed5\\\\u547c\\\\u5438\\\\u7cfb\\\\u7edf\\\\u5e38\\\\u89c1\\\\u75be\\\\u75c5\\\\u7684\\\\u8bca\\\\u6cbb\\\\u8fdb\\\\u884c\\\\u9610\\\\u8ff0\\\\uff0c\\\\u5305\\\\u62ec\\\\u4e86\\\\u5bf9\\\\u75c7\\\\u72b6\\\\u548c\\\\u4f53\\\\u5f81\\\\u7684\\\\u719f\\\\u6089\\\\u548c\\\\u638c\\\\u63e1\\\\uff0c\\\\u5bf9\\\\u547c\\\\u5438\\\\u7cfb\\\\u7edf\\\\u75be\\\\u75c5\\\\u5e38\\\\u7528\\\\u6280\\\\u672f\\\\u548c\\\\u6280\\\\u80fd\\\\u7684\\\\u719f\\\\u7ec3\\\\u64cd\\\\u4f5c\\\\uff0c\\\\u5bf9\\\\u547c\\\\u5438\\\\u7cfb\\\\u7edf\\\\u75be\\\\u75c5\\\\u7684\\\\u8bca\\\\u65ad\\\\u548c\\\\u9274\\\\u522b\\\\u8bca\\\\u65ad\\\\uff0c\\\\u5305\\\\u62ec\\\\u611f\\\\u67d3\\\\u3001\\\\u80bf\\\\u7624\\\\u3001\\\\u514d\\\\u75ab\\\\u75be\\\\u60a3\\\\u7684\\\\u80ba\\\\u90e8\\\\u75be\\\\u75c5\\\\u7684\\\\u9274\\\\u522b\\\\u8bca\\\\u65ad\\\\uff1b\\\\u4ee5\\\\u53ca\\\\u547c\\\\u5438\\\\u7cfb\\\\u7edf\\\\u5371\\\\u6025\\\\u60c5\\\\u51b5\\\\u7684\\\\u5904\\\\u7406\\\\uff0c\\\\u5982\\\\u80ba\\\\u52a8\\\\u8109\\\\u6813\\\\u585e\\\\u3001\\\\u6c14\\\\u80f8\\\\u3001\\\\u547c\\\\u5438\\\\u8870\\\\u7aed\\\\u7b49\\\\u3002\\\\u672c\\\\u6559\\\\u6750\\\\u7684\\\\u51fa\\\\u7248\\\\u80fd\\\\u591f\\\\u8fdb\\\\u4e00\\\\u6b65\\\\u89c4\\\\u8303\\\\u57fa\\\\u5c42\\\\u533b\\\\u751f\\\\u5bf9\\\\u547c\\\\u5438\\\\u7cfb\\\\u7edf\\\\u75be\\\\u75c5\\\\u7684\\\\u8bca\\\\u65ad\\\\u548c\\\\u6cbb\\\\u7597\\\\u3002\\\", \\\"picture\\\": 9}, \\\"id\\\": \\\"e510ea92-b109-4a0f-969b-a24154c7b725\\\"}, {\\\"type\\\": \\\"book_card\\\", \\\"value\\\": {\\\"title\\\": \\\"\\\\u5185\\\\u79d1\\\\u5b66\\\", \\\"author\\\": \\\"\\\\u738b\\\\u8fb0\\\\u3001\\\\u738b\\\\u5efa\\\\u5b89\\\", \\\"description\\\": \\\"\\\\u672c\\\\u6559\\\\u6750\\\\u56f4\\\\u7ed5\\\\u547c\\\\u5438\\\\u7cfb\\\\u7edf\\\\u5e38\\\\u89c1\\\\u75be\\\\u75c5\\\\u7684\\\\u8bca\\\\u6cbb\\\\u8fdb\\\\u884c\\\\u9610\\\\u8ff0\\\\uff0c\\\\u5305\\\\u62ec\\\\u4e86\\\\u5bf9\\\\u75c7\\\\u72b6\\\\u548c\\\\u4f53\\\\u5f81\\\\u7684\\\\u719f\\\\u6089\\\\u548c\\\\u638c\\\\u63e1\\\\uff0c\\\\u5bf9\\\\u547c\\\\u5438\\\\u7cfb\\\\u7edf\\\\u75be\\\\u75c5\\\\u5e38\\\\u7528\\\\u6280\\\\u672f\\\\u548c\\\\u6280\\\\u80fd\\\\u7684\\\\u719f\\\\u7ec3\\\\u64cd\\\\u4f5c\\\\uff0c\\\\u5bf9\\\\u547c\\\\u5438\\\\u7cfb\\\\u7edf\\\\u75be\\\\u75c5\\\\u7684\\\\u8bca\\\\u65ad\\\\u548c\\\\u9274\\\\u522b\\\\u8bca\\\\u65ad\\\\uff0c\\\\u5305\\\\u62ec\\\\u611f\\\\u67d3\\\\u3001\\\\u80bf\\\\u7624\\\\u3001\\\\u514d\\\\u75ab\\\\u75be\\\\u60a3\\\\u7684\\\\u80ba\\\\u90e8\\\\u75be\\\\u75c5\\\\u7684\\\\u9274\\\\u522b\\\\u8bca\\\\u65ad\\\\uff1b\\\\u4ee5\\\\u53ca\\\\u547c\\\\u5438\\\\u7cfb\\\\u7edf\\\\u5371\\\\u6025\\\\u60c5\\\\u51b5\\\\u7684\\\\u5904\\\\u7406\\\\uff0c\\\\u5982\\\\u80ba\\\\u52a8\\\\u8109\\\\u6813\\\\u585e\\\\u3001\\\\u6c14\\\\u80f8\\\\u3001\\\\u547c\\\\u5438\\\\u8870\\\\u7aed\\\\u7b49\\\\u3002\\\", \\\"picture\\\": 10}, \\\"id\\\": \\\"ffe603e9-8524-4d37-a65e-39abc7194f81\\\"}]\", \"show_sidebar\": true, \"show_breadcrumb\": true}", "approved_go_live_at": null}}, {"model": "wagtailcore.pagerevision", "pk": 27, "fields": {"page": 24, "submitted_for_moderation": false, "created_at": "2019-01-05T11:56:34.187Z", "user": 1, "content_json": "{\"pk\": 24, \"path\": \"0001000200060002\", \"depth\": 4, \"numchild\": 0, \"title\": \"\\u6d4b\\u8bd5\\u8868\\u683c\\u5185\\u5bb9\", \"draft_title\": \"\\u6d4b\\u8bd5\\u8868\\u683c\\u5185\\u5bb9\", \"slug\": \"\\u6d4b\\u8bd5\\u8868\\u683c\\u5185\\u5bb9\", \"content_type\": 6, \"live\": true, \"has_unpublished_changes\": false, \"url_path\": \"/\\u56fd\\u5bb6\\u547c\\u5438\\u75be\\u75c5\\u4e34\\u5e8a\\u533b\\u5b66\\u7814\\u7a76\\u4e2d\\u5fc3/\\u79d1\\u7814\\u6210\\u679c/\\u6d4b\\u8bd5\\u8868\\u683c\\u5185\\u5bb9/\", \"owner\": 1, \"seo_title\": \"\", \"show_in_menus\": true, \"search_description\": \"\", \"go_live_at\": null, \"expire_at\": null, \"expired\": false, \"locked\": false, \"first_published_at\": null, \"last_published_at\": null, \"latest_revision_created_at\": null, \"live_revision\": null, \"content\": \"[{\\\"type\\\": \\\"table\\\", \\\"value\\\": {\\\"data\\\": [[\\\"\\\\u5e8f\\\\u53f7\\\", \\\"\\\\u59d3\\\\u540d\\\", \\\"\\\\u5355\\\\u4f4d\\\\u540d\\\\u79f0\\\", \\\"\\\\u804c\\\\u52a1/\\\\u804c\\\\u79f0\\\"], [\\\"1\\\", \\\"\\\\u738b\\\\u514b\\\\u5b89\\\", \\\"\\\\u65b0\\\\u63a2\\\\u5065\\\\u5eb7\\\\u53d1\\\\u5c55\\\\u7814\\\\u7a76\\\\u4e2d\\\\u5fc3\\\", \\\"\\\\u6559\\\\u6388\\\"], [\\\"2\\\", \\\"\\\\u5df4\\\\u5fb7\\\\u5e74\\\", \\\"\\\\u6d59\\\\u6c5f\\\\u5927\\\\u5b66\\\\u533b\\\\u5b66\\\\u9662\\\", \\\"\\\\u9662\\\\u58eb\\\"], [\\\"3\\\", \\\"\\\\u962e\\\\u957f\\\\u803f\\\", \\\"\\\\u6c5f\\\\u82cf\\\\u7701\\\\u8840\\\\u6db2\\\\u7814\\\\u7a76\\\\u6240\\\", \\\"\\\\u9662\\\\u58eb\\\"], [\\\"4\\\", \\\"\\\\u674e\\\\u7acb\\\\u660e\\\", \\\"\\\\u4e2d\\\\u56fd\\\\u533b\\\\u5b66\\\\u79d1\\\\u5b66\\\\u9662\\\", \\\"\\\\u6559\\\\u6388\\\"], [\\\"5\\\", \\\"\\\\u674e\\\\u5170\\\\u5a1f\\\", \\\"\\\\u6d59\\\\u6c5f\\\\u5927\\\\u5b66\\\\u533b\\\\u5b66\\\\u9662\\\", \\\"\\\\u9662\\\\u58eb\\\"], [\\\"6\\\", \\\"\\\\u6768\\\\u80dc\\\\u5229\\\", \\\"\\\\u4e0a\\\\u6d77\\\\u4ea4\\\\u901a\\\\u5927\\\\u5b66\\\\u751f\\\\u7269\\\\u5b66\\\\u7814\\\\u7a76\\\\u6240\\\", \\\"\\\\u9662\\\\u58eb\\\"], [\\\"7\\\", \\\"\\\\u5434\\\\u5929\\\\u4e00\\\", \\\"\\\\u9752\\\\u6d77\\\\u9ad8\\\\u539f\\\\u533b\\\\u5b66\\\\u7814\\\\u7a76\\\\u9662\\\", \\\"\\\\u9662\\\\u58eb\\\"]], \\\"first_row_is_table_header\\\": true, \\\"first_col_is_header\\\": false}, \\\"id\\\": \\\"66921809-361e-404f-880f-ff95e560dbbd\\\"}]\", \"show_sidebar\": true, \"show_breadcrumb\": true}", "approved_go_live_at": null}}, {"model": "wagtailcore.pagerevision", "pk": 28, "fields": {"page": 24, "submitted_for_moderation": false, "created_at": "2019-01-05T11:57:08.838Z", "user": 1, "content_json": "{\"pk\": 24, \"path\": \"0001000200060002\", \"depth\": 4, \"numchild\": 0, \"title\": \"\\u6d4b\\u8bd5\\u8868\\u683c\\u5185\\u5bb9\", \"draft_title\": \"\\u6d4b\\u8bd5\\u8868\\u683c\\u5185\\u5bb9\", \"slug\": \"\\u6d4b\\u8bd5\\u8868\\u683c\\u5185\\u5bb9\", \"content_type\": 6, \"live\": true, \"has_unpublished_changes\": false, \"url_path\": \"/\\u56fd\\u5bb6\\u547c\\u5438\\u75be\\u75c5\\u4e34\\u5e8a\\u533b\\u5b66\\u7814\\u7a76\\u4e2d\\u5fc3/\\u79d1\\u7814\\u6210\\u679c/\\u6d4b\\u8bd5\\u8868\\u683c\\u5185\\u5bb9/\", \"owner\": 1, \"seo_title\": \"\", \"show_in_menus\": true, \"search_description\": \"\", \"go_live_at\": null, \"expire_at\": null, \"expired\": false, \"locked\": false, \"first_published_at\": \"2019-01-05T11:56:34.846Z\", \"last_published_at\": \"2019-01-05T11:56:34.846Z\", \"latest_revision_created_at\": \"2019-01-05T11:56:34.187Z\", \"live_revision\": 27, \"content\": \"[{\\\"type\\\": \\\"title\\\", \\\"value\\\": \\\"\\\\u79d1\\\\u5b66\\\\u6307\\\\u5bfc\\\\u59d4\\\\u5458\\\\u4f1a\\\", \\\"id\\\": \\\"2102745d-5099-4908-b218-ef4cf7fcbbf8\\\"}, {\\\"type\\\": \\\"table\\\", \\\"value\\\": {\\\"data\\\": [[\\\"\\\\u5e8f\\\\u53f7\\\", \\\"\\\\u59d3\\\\u540d\\\", \\\"\\\\u5355\\\\u4f4d\\\\u540d\\\\u79f0\\\", \\\"\\\\u804c\\\\u52a1/\\\\u804c\\\\u79f0\\\"], [\\\"1\\\", \\\"\\\\u738b\\\\u514b\\\\u5b89\\\", \\\"\\\\u65b0\\\\u63a2\\\\u5065\\\\u5eb7\\\\u53d1\\\\u5c55\\\\u7814\\\\u7a76\\\\u4e2d\\\\u5fc3\\\", \\\"\\\\u6559\\\\u6388\\\"], [\\\"2\\\", \\\"\\\\u5df4\\\\u5fb7\\\\u5e74\\\", \\\"\\\\u6d59\\\\u6c5f\\\\u5927\\\\u5b66\\\\u533b\\\\u5b66\\\\u9662\\\", \\\"\\\\u9662\\\\u58eb\\\"], [\\\"3\\\", \\\"\\\\u962e\\\\u957f\\\\u803f\\\", \\\"\\\\u6c5f\\\\u82cf\\\\u7701\\\\u8840\\\\u6db2\\\\u7814\\\\u7a76\\\\u6240\\\", \\\"\\\\u9662\\\\u58eb\\\"], [\\\"4\\\", \\\"\\\\u674e\\\\u7acb\\\\u660e\\\", \\\"\\\\u4e2d\\\\u56fd\\\\u533b\\\\u5b66\\\\u79d1\\\\u5b66\\\\u9662\\\", \\\"\\\\u6559\\\\u6388\\\"], [\\\"5\\\", \\\"\\\\u674e\\\\u5170\\\\u5a1f\\\", \\\"\\\\u6d59\\\\u6c5f\\\\u5927\\\\u5b66\\\\u533b\\\\u5b66\\\\u9662\\\", \\\"\\\\u9662\\\\u58eb\\\"], [\\\"6\\\", \\\"\\\\u6768\\\\u80dc\\\\u5229\\\", \\\"\\\\u4e0a\\\\u6d77\\\\u4ea4\\\\u901a\\\\u5927\\\\u5b66\\\\u751f\\\\u7269\\\\u5b66\\\\u7814\\\\u7a76\\\\u6240\\\", \\\"\\\\u9662\\\\u58eb\\\"], [\\\"7\\\", \\\"\\\\u5434\\\\u5929\\\\u4e00\\\", \\\"\\\\u9752\\\\u6d77\\\\u9ad8\\\\u539f\\\\u533b\\\\u5b66\\\\u7814\\\\u7a76\\\\u9662\\\", \\\"\\\\u9662\\\\u58eb\\\"]], \\\"first_row_is_table_header\\\": true, \\\"first_col_is_header\\\": false}, \\\"id\\\": \\\"66921809-361e-404f-880f-ff95e560dbbd\\\"}]\", \"show_sidebar\": true, \"show_breadcrumb\": true}", "approved_go_live_at": null}}, {"model": "wagtailcore.page", "pk": 1, "fields": {"path": "0001", "depth": 1, "numchild": 1, "title": "Root", "draft_title": "Root", "slug": "root", "content_type": 1, "live": true, "has_unpublished_changes": false, "url_path": "/", "owner": null, "seo_title": "", "show_in_menus": false, "search_description": "", "go_live_at": null, "expire_at": null, "expired": false, "locked": false, "first_published_at": null, "last_published_at": null, "latest_revision_created_at": null, "live_revision": null}}, {"model": "wagtailcore.page", "pk": 2, "fields": {"path": "00010001", "depth": 2, "numchild": 0, "title": "Welcome to your new Wagtail site!", "draft_title": "Welcome to your new Wagtail site!", "slug": "home", "content_type": 1, "live": true, "has_unpublished_changes": false, "url_path": "/home/", "owner": null, "seo_title": "", "show_in_menus": false, "search_description": "", "go_live_at": null, "expire_at": null, "expired": false, "locked": false, "first_published_at": null, "last_published_at": null, "latest_revision_created_at": null, "live_revision": null}}, {"model": "wagtailcore.page", "pk": 3, "fields": {"path": "00010002", "depth": 2, "numchild": 8, "title": "\u56fd\u5bb6\u547c\u5438\u75be\u75c5\u4e34\u5e8a\u533b\u5b66\u7814\u7a76\u4e2d\u5fc3", "draft_title": "\u56fd\u5bb6\u547c\u5438\u75be\u75c5\u4e34\u5e8a\u533b\u5b66\u7814\u7a76\u4e2d\u5fc3", "slug": "\u56fd\u5bb6\u547c\u5438\u75be\u75c5\u4e34\u5e8a\u533b\u5b66\u7814\u7a76\u4e2d\u5fc3", "content_type": 5, "live": true, "has_unpublished_changes": false, "url_path": "/\u56fd\u5bb6\u547c\u5438\u75be\u75c5\u4e34\u5e8a\u533b\u5b66\u7814\u7a76\u4e2d\u5fc3/", "owner": 1, "seo_title": "", "show_in_menus": true, "search_description": "", "go_live_at": null, "expire_at": null, "expired": false, "locked": false, "first_published_at": "2019-01-04T19:49:36.466Z", "last_published_at": "2019-01-04T19:49:36.466Z", "latest_revision_created_at": "2019-01-04T19:49:36.412Z", "live_revision": 1}}, {"model": "wagtailcore.page", "pk": 4, "fields": {"path": "000100020001", "depth": 3, "numchild": 5, "title": "\u4e2d\u5fc3\u4ecb\u7ecd", "draft_title": "\u4e2d\u5fc3\u4ecb\u7ecd", "slug": "\u4e2d\u5fc3\u4ecb\u7ecd", "content_type": 6, "live": true, "has_unpublished_changes": false, "url_path": "/\u56fd\u5bb6\u547c\u5438\u75be\u75c5\u4e34\u5e8a\u533b\u5b66\u7814\u7a76\u4e2d\u5fc3/\u4e2d\u5fc3\u4ecb\u7ecd/", "owner": 1, "seo_title": "", "show_in_menus": true, "search_description": "", "go_live_at": null, "expire_at": null, "expired": false, "locked": false, "first_published_at": "2019-01-04T19:54:18.699Z", "last_published_at": "2019-01-04T19:54:18.699Z", "latest_revision_created_at": "2019-01-04T19:54:18.655Z", "live_revision": 2}}, {"model": "wagtailcore.page", "pk": 5, "fields": {"path": "000100020002", "depth": 3, "numchild": 1, "title": "\u4e13\u5bb6\u56e2\u961f", "draft_title": "\u4e13\u5bb6\u56e2\u961f", "slug": "\u4e13\u5bb6\u56e2\u961f", "content_type": 6, "live": true, "has_unpublished_changes": false, "url_path": "/\u56fd\u5bb6\u547c\u5438\u75be\u75c5\u4e34\u5e8a\u533b\u5b66\u7814\u7a76\u4e2d\u5fc3/\u4e13\u5bb6\u56e2\u961f/", "owner": 1, "seo_title": "", "show_in_menus": true, "search_description": "", "go_live_at": null, "expire_at": null, "expired": false, "locked": false, "first_published_at": "2019-01-04T19:54:42.504Z", "last_published_at": "2019-01-04T19:54:42.504Z", "latest_revision_created_at": "2019-01-04T19:54:42.470Z", "live_revision": 3}}, {"model": "wagtailcore.page", "pk": 6, "fields": {"path": "000100020003", "depth": 3, "numchild": 1, "title": "\u627f\u62c5\u9879\u76ee", "draft_title": "\u627f\u62c5\u9879\u76ee", "slug": "\u627f\u62c5\u9879\u76ee", "content_type": 6, "live": true, "has_unpublished_changes": false, "url_path": "/\u56fd\u5bb6\u547c\u5438\u75be\u75c5\u4e34\u5e8a\u533b\u5b66\u7814\u7a76\u4e2d\u5fc3/\u627f\u62c5\u9879\u76ee/", "owner": 1, "seo_title": "", "show_in_menus": true, "search_description": "", "go_live_at": null, "expire_at": null, "expired": false, "locked": false, "first_published_at": "2019-01-04T19:54:58.635Z", "last_published_at": "2019-01-04T19:54:58.635Z", "latest_revision_created_at": "2019-01-04T19:54:58.586Z", "live_revision": 4}}, {"model": "wagtailcore.page", "pk": 7, "fields": {"path": "000100020004", "depth": 3, "numchild": 0, "title": "\u79d1\u7814\u7f51\u7edc", "draft_title": "\u79d1\u7814\u7f51\u7edc", "slug": "\u79d1\u7814\u7f51\u7edc", "content_type": 6, "live": true, "has_unpublished_changes": false, "url_path": "/\u56fd\u5bb6\u547c\u5438\u75be\u75c5\u4e34\u5e8a\u533b\u5b66\u7814\u7a76\u4e2d\u5fc3/\u79d1\u7814\u7f51\u7edc/", "owner": 1, "seo_title": "", "show_in_menus": true, "search_description": "", "go_live_at": null, "expire_at": null, "expired": false, "locked": false, "first_published_at": "2019-01-04T19:55:11.525Z", "last_published_at": "2019-01-04T19:55:11.525Z", "latest_revision_created_at": "2019-01-04T19:55:11.487Z", "live_revision": 5}}, {"model": "wagtailcore.page", "pk": 8, "fields": {"path": "000100020005", "depth": 3, "numchild": 0, "title": "\u79d1\u7814\u57f9\u8bad", "draft_title": "\u79d1\u7814\u57f9\u8bad", "slug": "\u79d1\u7814\u57f9\u8bad", "content_type": 6, "live": true, "has_unpublished_changes": false, "url_path": "/\u56fd\u5bb6\u547c\u5438\u75be\u75c5\u4e34\u5e8a\u533b\u5b66\u7814\u7a76\u4e2d\u5fc3/\u79d1\u7814\u57f9\u8bad/", "owner": 1, "seo_title": "", "show_in_menus": false, "search_description": "", "go_live_at": null, "expire_at": null, "expired": false, "locked": false, "first_published_at": "2019-01-04T19:55:22.311Z", "last_published_at": "2019-01-04T19:55:22.311Z", "latest_revision_created_at": "2019-01-04T19:55:22.268Z", "live_revision": 6}}, {"model": "wagtailcore.page", "pk": 9, "fields": {"path": "000100020006", "depth": 3, "numchild": 2, "title": "\u79d1\u7814\u6210\u679c", "draft_title": "\u79d1\u7814\u6210\u679c", "slug": "\u79d1\u7814\u6210\u679c", "content_type": 6, "live": true, "has_unpublished_changes": false, "url_path": "/\u56fd\u5bb6\u547c\u5438\u75be\u75c5\u4e34\u5e8a\u533b\u5b66\u7814\u7a76\u4e2d\u5fc3/\u79d1\u7814\u6210\u679c/", "owner": 1, "seo_title": "", "show_in_menus": true, "search_description": "", "go_live_at": null, "expire_at": null, "expired": false, "locked": false, "first_published_at": "2019-01-04T19:55:35.722Z", "last_published_at": "2019-01-04T19:55:35.722Z", "latest_revision_created_at": "2019-01-04T19:55:35.688Z", "live_revision": 7}}, {"model": "wagtailcore.page", "pk": 10, "fields": {"path": "000100020007", "depth": 3, "numchild": 0, "title": "\u8f6c\u5316\u63a8\u5e7f", "draft_title": "\u8f6c\u5316\u63a8\u5e7f", "slug": "\u8f6c\u5316\u63a8\u5e7f", "content_type": 6, "live": true, "has_unpublished_changes": false, "url_path": "/\u56fd\u5bb6\u547c\u5438\u75be\u75c5\u4e34\u5e8a\u533b\u5b66\u7814\u7a76\u4e2d\u5fc3/\u8f6c\u5316\u63a8\u5e7f/", "owner": 1, "seo_title": "", "show_in_menus": true, "search_description": "", "go_live_at": null, "expire_at": null, "expired": false, "locked": false, "first_published_at": "2019-01-04T19:55:49.369Z", "last_published_at": "2019-01-04T19:55:49.369Z", "latest_revision_created_at": "2019-01-04T19:55:49.324Z", "live_revision": 8}}, {"model": "wagtailcore.page", "pk": 11, "fields": {"path": "000100020008", "depth": 3, "numchild": 0, "title": "\u56fd\u9645\u4ea4\u6d41", "draft_title": "\u56fd\u9645\u4ea4\u6d41", "slug": "\u56fd\u9645\u4ea4\u6d41", "content_type": 6, "live": true, "has_unpublished_changes": false, "url_path": "/\u56fd\u5bb6\u547c\u5438\u75be\u75c5\u4e34\u5e8a\u533b\u5b66\u7814\u7a76\u4e2d\u5fc3/\u56fd\u9645\u4ea4\u6d41/", "owner": 1, "seo_title": "", "show_in_menus": true, "search_description": "", "go_live_at": null, "expire_at": null, "expired": false, "locked": false, "first_published_at": "2019-01-04T19:56:01.947Z", "last_published_at": "2019-01-04T19:56:01.947Z", "latest_revision_created_at": "2019-01-04T19:56:01.907Z", "live_revision": 9}}, {"model": "wagtailcore.page", "pk": 12, "fields": {"path": "0001000200010001", "depth": 4, "numchild": 0, "title": "\u79d1\u5b66\u6307\u5bfc\u59d4\u5458\u4f1a", "draft_title": "\u79d1\u5b66\u6307\u5bfc\u59d4\u5458\u4f1a", "slug": "\u79d1\u5b66\u6307\u5bfc\u59d4\u5458\u4f1a", "content_type": 6, "live": true, "has_unpublished_changes": false, "url_path": "/\u56fd\u5bb6\u547c\u5438\u75be\u75c5\u4e34\u5e8a\u533b\u5b66\u7814\u7a76\u4e2d\u5fc3/\u4e2d\u5fc3\u4ecb\u7ecd/\u79d1\u5b66\u6307\u5bfc\u59d4\u5458\u4f1a/", "owner": 1, "seo_title": "", "show_in_menus": true, "search_description": "", "go_live_at": null, "expire_at": null, "expired": false, "locked": false, "first_published_at": "2019-01-04T19:57:11.724Z", "last_published_at": "2019-01-04T19:57:11.724Z", "latest_revision_created_at": "2019-01-04T19:57:11.679Z", "live_revision": 10}}, {"model": "wagtailcore.page", "pk": 13, "fields": {"path": "0001000200010002", "depth": 4, "numchild": 0, "title": "\u5b66\u672f\u6307\u5bfc\u59d4\u5458\u4f1a", "draft_title": "\u5b66\u672f\u6307\u5bfc\u59d4\u5458\u4f1a", "slug": "\u5b66\u672f\u6307\u5bfc\u59d4\u5458\u4f1a", "content_type": 6, "live": true, "has_unpublished_changes": false, "url_path": "/\u56fd\u5bb6\u547c\u5438\u75be\u75c5\u4e34\u5e8a\u533b\u5b66\u7814\u7a76\u4e2d\u5fc3/\u4e2d\u5fc3\u4ecb\u7ecd/\u5b66\u672f\u6307\u5bfc\u59d4\u5458\u4f1a/", "owner": 1, "seo_title": "", "show_in_menus": true, "search_description": "", "go_live_at": null, "expire_at": null, "expired": false, "locked": false, "first_published_at": "2019-01-04T19:57:46.162Z", "last_published_at": "2019-01-04T19:57:46.162Z", "latest_revision_created_at": "2019-01-04T19:57:46.126Z", "live_revision": 11}}, {"model": "wagtailcore.page", "pk": 14, "fields": {"path": "0001000200010003", "depth": 4, "numchild": 0, "title": "\u7ec4\u7ec7\u67b6\u6784", "draft_title": "\u7ec4\u7ec7\u67b6\u6784", "slug": "\u7ec4\u7ec7\u67b6\u6784", "content_type": 6, "live": true, "has_unpublished_changes": false, "url_path": "/\u56fd\u5bb6\u547c\u5438\u75be\u75c5\u4e34\u5e8a\u533b\u5b66\u7814\u7a76\u4e2d\u5fc3/\u4e2d\u5fc3\u4ecb\u7ecd/\u7ec4\u7ec7\u67b6\u6784/", "owner": 1, "seo_title": "", "show_in_menus": true, "search_description": "", "go_live_at": null, "expire_at": null, "expired": false, "locked": false, "first_published_at": "2019-01-04T19:58:06.334Z", "last_published_at": "2019-01-04T19:58:06.334Z", "latest_revision_created_at": "2019-01-04T19:58:06.297Z", "live_revision": 12}}, {"model": "wagtailcore.page", "pk": 15, "fields": {"path": "0001000200010004", "depth": 4, "numchild": 3, "title": "\u516c\u5171\u670d\u52a1\u5e73\u53f0", "draft_title": "\u516c\u5171\u670d\u52a1\u5e73\u53f0", "slug": "\u516c\u5171\u670d\u52a1\u5e73\u53f0", "content_type": 6, "live": true, "has_unpublished_changes": false, "url_path": "/\u56fd\u5bb6\u547c\u5438\u75be\u75c5\u4e34\u5e8a\u533b\u5b66\u7814\u7a76\u4e2d\u5fc3/\u4e2d\u5fc3\u4ecb\u7ecd/\u516c\u5171\u670d\u52a1\u5e73\u53f0/", "owner": 1, "seo_title": "", "show_in_menus": true, "search_description": "", "go_live_at": null, "expire_at": null, "expired": false, "locked": false, "first_published_at": "2019-01-04T19:58:21.298Z", "last_published_at": "2019-01-04T19:58:21.298Z", "latest_revision_created_at": "2019-01-04T19:58:21.260Z", "live_revision": 13}}, {"model": "wagtailcore.page", "pk": 16, "fields": {"path": "0001000200010005", "depth": 4, "numchild": 0, "title": "\u6838\u5fc3\u5355\u4f4d", "draft_title": "\u6838\u5fc3\u5355\u4f4d", "slug": "\u6838\u5fc3\u5355\u4f4d", "content_type": 6, "live": true, "has_unpublished_changes": false, "url_path": "/\u56fd\u5bb6\u547c\u5438\u75be\u75c5\u4e34\u5e8a\u533b\u5b66\u7814\u7a76\u4e2d\u5fc3/\u4e2d\u5fc3\u4ecb\u7ecd/\u6838\u5fc3\u5355\u4f4d/", "owner": 1, "seo_title": "", "show_in_menus": true, "search_description": "", "go_live_at": null, "expire_at": null, "expired": false, "locked": false, "first_published_at": "2019-01-04T19:58:39.075Z", "last_published_at": "2019-01-05T07:28:02.010Z", "latest_revision_created_at": "2019-01-05T07:28:01.238Z", "live_revision": 22}}, {"model": "wagtailcore.page", "pk": 17, "fields": {"path": "00010002000100040001", "depth": 5, "numchild": 0, "title": "\u751f\u7269\u533b\u5b66\u5b9e\u9a8c\u7814\u7a76\u5e73\u53f0", "draft_title": "\u751f\u7269\u533b\u5b66\u5b9e\u9a8c\u7814\u7a76\u5e73\u53f0", "slug": "\u751f\u7269\u533b\u5b66\u5b9e\u9a8c\u7814\u7a76\u5e73\u53f0", "content_type": 6, "live": true, "has_unpublished_changes": false, "url_path": "/\u56fd\u5bb6\u547c\u5438\u75be\u75c5\u4e34\u5e8a\u533b\u5b66\u7814\u7a76\u4e2d\u5fc3/\u4e2d\u5fc3\u4ecb\u7ecd/\u516c\u5171\u670d\u52a1\u5e73\u53f0/\u751f\u7269\u533b\u5b66\u5b9e\u9a8c\u7814\u7a76\u5e73\u53f0/", "owner": 1, "seo_title": "", "show_in_menus": true, "search_description": "", "go_live_at": null, "expire_at": null, "expired": false, "locked": false, "first_published_at": "2019-01-04T19:59:48.713Z", "last_published_at": "2019-01-04T19:59:48.713Z", "latest_revision_created_at": "2019-01-04T19:59:48.672Z", "live_revision": 15}}, {"model": "wagtailcore.page", "pk": 18, "fields": {"path": "00010002000100040002", "depth": 5, "numchild": 0, "title": "\u4e34\u5e8a\u7814\u7a76\u6570\u636e\u4e0e\u9879\u76ee\u7ba1\u7406\u5e73\u53f0", "draft_title": "\u4e34\u5e8a\u7814\u7a76\u6570\u636e\u4e0e\u9879\u76ee\u7ba1\u7406\u5e73\u53f0", "slug": "\u4e34\u5e8a\u7814\u7a76\u6570\u636e\u4e0e\u9879\u76ee\u7ba1\u7406\u5e73\u53f0", "content_type": 6, "live": true, "has_unpublished_changes": false, "url_path": "/\u56fd\u5bb6\u547c\u5438\u75be\u75c5\u4e34\u5e8a\u533b\u5b66\u7814\u7a76\u4e2d\u5fc3/\u4e2d\u5fc3\u4ecb\u7ecd/\u516c\u5171\u670d\u52a1\u5e73\u53f0/\u4e34\u5e8a\u7814\u7a76\u6570\u636e\u4e0e\u9879\u76ee\u7ba1\u7406\u5e73\u53f0/", "owner": 1, "seo_title": "", "show_in_menus": true, "search_description": "", "go_live_at": null, "expire_at": null, "expired": false, "locked": false, "first_published_at": "2019-01-04T20:00:15.774Z", "last_published_at": "2019-01-04T20:00:15.774Z", "latest_revision_created_at": "2019-01-04T20:00:15.708Z", "live_revision": 16}}, {"model": "wagtailcore.page", "pk": 19, "fields": {"path": "00010002000100040003", "depth": 5, "numchild": 0, "title": "\u751f\u7269\u6837\u672c\u5e93\u5e73\u53f0", "draft_title": "\u751f\u7269\u6837\u672c\u5e93\u5e73\u53f0", "slug": "\u751f\u7269\u6837\u672c\u5e93\u5e73\u53f0", "content_type": 6, "live": true, "has_unpublished_changes": false, "url_path": "/\u56fd\u5bb6\u547c\u5438\u75be\u75c5\u4e34\u5e8a\u533b\u5b66\u7814\u7a76\u4e2d\u5fc3/\u4e2d\u5fc3\u4ecb\u7ecd/\u516c\u5171\u670d\u52a1\u5e73\u53f0/\u751f\u7269\u6837\u672c\u5e93\u5e73\u53f0/", "owner": 1, "seo_title": "", "show_in_menus": true, "search_description": "", "go_live_at": null, "expire_at": null, "expired": false, "locked": false, "first_published_at": "2019-01-04T20:00:58.905Z", "last_published_at": "2019-01-04T20:00:58.905Z", "latest_revision_created_at": "2019-01-04T20:00:58.867Z", "live_revision": 17}}, {"model": "wagtailcore.page", "pk": 20, "fields": {"path": "0001000200020001", "depth": 4, "numchild": 0, "title": "\u4e2d\u5fc3\u4e3b\u4efb", "draft_title": "\u4e2d\u5fc3\u4e3b\u4efb", "slug": "\u4e2d\u5fc3\u4e3b\u4efb", "content_type": 6, "live": true, "has_unpublished_changes": false, "url_path": "/\u56fd\u5bb6\u547c\u5438\u75be\u75c5\u4e34\u5e8a\u533b\u5b66\u7814\u7a76\u4e2d\u5fc3/\u4e13\u5bb6\u56e2\u961f/\u4e2d\u5fc3\u4e3b\u4efb/", "owner": 1, "seo_title": "", "show_in_menus": true, "search_description": "", "go_live_at": null, "expire_at": null, "expired": false, "locked": false, "first_published_at": "2019-01-04T20:05:04.873Z", "last_published_at": "2019-01-05T04:36:29.005Z", "latest_revision_created_at": "2019-01-05T04:36:28.158Z", "live_revision": 21}}, {"model": "wagtailcore.page", "pk": 21, "fields": {"path": "0001000200030001", "depth": 4, "numchild": 1, "title": "\u7eb5\u5411\u9879\u76ee", "draft_title": "\u7eb5\u5411\u9879\u76ee", "slug": "\u7eb5\u5411\u9879\u76ee", "content_type": 6, "live": true, "has_unpublished_changes": false, "url_path": "/\u56fd\u5bb6\u547c\u5438\u75be\u75c5\u4e34\u5e8a\u533b\u5b66\u7814\u7a76\u4e2d\u5fc3/\u627f\u62c5\u9879\u76ee/\u7eb5\u5411\u9879\u76ee/", "owner": 1, "seo_title": "", "show_in_menus": true, "search_description": "", "go_live_at": null, "expire_at": null, "expired": false, "locked": false, "first_published_at": "2019-01-05T07:44:29.528Z", "last_published_at": "2019-01-05T07:44:29.528Z", "latest_revision_created_at": "2019-01-05T07:44:28.864Z", "live_revision": 23}}, {"model": "wagtailcore.page", "pk": 22, "fields": {"path": "00010002000300010001", "depth": 5, "numchild": 0, "title": "\u56fd\u5bb6\u91cd\u70b9\u7814\u53d1\u57fa\u91d1", "draft_title": "\u56fd\u5bb6\u91cd\u70b9\u7814\u53d1\u57fa\u91d1", "slug": "\u56fd\u5bb6\u91cd\u70b9\u7814\u53d1\u57fa\u91d1", "content_type": 6, "live": true, "has_unpublished_changes": false, "url_path": "/\u56fd\u5bb6\u547c\u5438\u75be\u75c5\u4e34\u5e8a\u533b\u5b66\u7814\u7a76\u4e2d\u5fc3/\u627f\u62c5\u9879\u76ee/\u7eb5\u5411\u9879\u76ee/\u56fd\u5bb6\u91cd\u70b9\u7814\u53d1\u57fa\u91d1/", "owner": 1, "seo_title": "", "show_in_menus": true, "search_description": "", "go_live_at": null, "expire_at": null, "expired": false, "locked": false, "first_published_at": "2019-01-05T07:45:09.016Z", "last_published_at": "2019-01-05T07:47:37.699Z", "latest_revision_created_at": "2019-01-05T07:47:36.793Z", "live_revision": 25}}, {"model": "wagtailcore.page", "pk": 23, "fields": {"path": "0001000200060001", "depth": 4, "numchild": 0, "title": "\u4e13\u8457\u76ee\u5f55", "draft_title": "\u4e13\u8457\u76ee\u5f55", "slug": "\u4e13\u8457\u76ee\u5f55", "content_type": 6, "live": true, "has_unpublished_changes": false, "url_path": "/\u56fd\u5bb6\u547c\u5438\u75be\u75c5\u4e34\u5e8a\u533b\u5b66\u7814\u7a76\u4e2d\u5fc3/\u79d1\u7814\u6210\u679c/\u4e13\u8457\u76ee\u5f55/", "owner": 1, "seo_title": "", "show_in_menus": true, "search_description": "", "go_live_at": null, "expire_at": null, "expired": false, "locked": false, "first_published_at": "2019-01-05T09:20:30.698Z", "last_published_at": "2019-01-05T09:20:30.698Z", "latest_revision_created_at": "2019-01-05T09:20:30.014Z", "live_revision": 26}}, {"model": "wagtailcore.page", "pk": 24, "fields": {"path": "0001000200060002", "depth": 4, "numchild": 0, "title": "\u6d4b\u8bd5\u8868\u683c\u5185\u5bb9", "draft_title": "\u6d4b\u8bd5\u8868\u683c\u5185\u5bb9", "slug": "\u6d4b\u8bd5\u8868\u683c\u5185\u5bb9", "content_type": 6, "live": true, "has_unpublished_changes": false, "url_path": "/\u56fd\u5bb6\u547c\u5438\u75be\u75c5\u4e34\u5e8a\u533b\u5b66\u7814\u7a76\u4e2d\u5fc3/\u79d1\u7814\u6210\u679c/\u6d4b\u8bd5\u8868\u683c\u5185\u5bb9/", "owner": 1, "seo_title": "", "show_in_menus": true, "search_description": "", "go_live_at": null, "expire_at": null, "expired": false, "locked": false, "first_published_at": "2019-01-05T11:56:34.846Z", "last_published_at": "2019-01-05T11:57:09.604Z", "latest_revision_created_at": "2019-01-05T11:57:08.838Z", "live_revision": 28}}, {"model": "wagtailimages.image", "pk": 1, "fields": {"collection": 1, "title": "C38042C9-54CA-4274-AD63-328C899F2108.png", "file": "original_images/C38042C9-54CA-4274-AD63-328C899F2108.png", "width": 857, "height": 291, "created_at": "2019-01-04T19:53:58.484Z", "uploaded_by_user": 1, "focal_point_x": null, "focal_point_y": null, "focal_point_width": null, "focal_point_height": null, "file_size": 475643, "file_hash": "25292cf06e346c719faa94afd78d2a4828ebd1e8"}}, {"model": "wagtailimages.image", "pk": 2, "fields": {"collection": 1, "title": "WX20190105-121104@2x.png", "file": "original_images/WX20190105-1211042x.png", "width": 196, "height": 244, "created_at": "2019-01-05T04:11:39.800Z", "uploaded_by_user": 1, "focal_point_x": null, "focal_point_y": null, "focal_point_width": null, "focal_point_height": null, "file_size": 62006, "file_hash": "81126b1c30eb18e2804a7bce4e161400d38ba8c2"}}, {"model": "wagtailimages.image", "pk": 3, "fields": {"collection": 1, "title": "WX20190105-152448@2x.png", "file": "original_images/WX20190105-1524482x.png", "width": 182, "height": 170, "created_at": "2019-01-05T07:24:56.258Z", "uploaded_by_user": 1, "focal_point_x": null, "focal_point_y": null, "focal_point_width": null, "focal_point_height": null, "file_size": 52110, "file_hash": "8d5da90f89b4e4705136c55b482334a059da24ae"}}, {"model": "wagtailimages.image", "pk": 4, "fields": {"collection": 1, "title": "WX20190105-152523@2x.png", "file": "original_images/WX20190105-1525232x.png", "width": 186, "height": 190, "created_at": "2019-01-05T07:25:35.569Z", "uploaded_by_user": 1, "focal_point_x": null, "focal_point_y": null, "focal_point_width": null, "focal_point_height": null, "file_size": 74913, "file_hash": "c0f56b0aca3d0cce1bb8cfa38eb39dd623a5d43f"}}, {"model": "wagtailimages.image", "pk": 5, "fields": {"collection": 1, "title": "WX20190105-152600@2x.png", "file": "original_images/WX20190105-1526002x.png", "width": 196, "height": 178, "created_at": "2019-01-05T07:26:11.592Z", "uploaded_by_user": 1, "focal_point_x": null, "focal_point_y": null, "focal_point_width": null, "focal_point_height": null, "file_size": 44064, "file_hash": "f5b4695aa1771bdfdaad2b4d3bedc051f46a1300"}}, {"model": "wagtailimages.image", "pk": 6, "fields": {"collection": 1, "title": "WX20190105-152632@2x.png", "file": "original_images/WX20190105-1526322x.png", "width": 176, "height": 182, "created_at": "2019-01-05T07:27:01.949Z", "uploaded_by_user": 1, "focal_point_x": null, "focal_point_y": null, "focal_point_width": null, "focal_point_height": null, "file_size": 22237, "file_hash": "4de97f2fbe44f0fcf9b5f4b1c514f26eb58e7e71"}}, {"model": "wagtailimages.image", "pk": 7, "fields": {"collection": 1, "title": "WX20190105-152641@2x.png", "file": "original_images/WX20190105-1526412x.png", "width": 162, "height": 172, "created_at": "2019-01-05T07:27:22.443Z", "uploaded_by_user": 1, "focal_point_x": null, "focal_point_y": null, "focal_point_width": null, "focal_point_height": null, "file_size": 7150, "file_hash": "4939589a8c20981359ad61ca864f2b0513ec5c24"}}, {"model": "wagtailimages.image", "pk": 8, "fields": {"collection": 1, "title": "WX20190105-152649@2x.png", "file": "original_images/WX20190105-1526492x.png", "width": 188, "height": 178, "created_at": "2019-01-05T07:27:43.516Z", "uploaded_by_user": 1, "focal_point_x": null, "focal_point_y": null, "focal_point_width": null, "focal_point_height": null, "file_size": 29889, "file_hash": "b0ddc7ef03186e88bf03340449c3c70942680643"}}, {"model": "wagtailimages.image", "pk": 9, "fields": {"collection": 1, "title": "WX20190105-171749@2x.png", "file": "original_images/WX20190105-1717492x.png", "width": 296, "height": 408, "created_at": "2019-01-05T09:19:32.858Z", "uploaded_by_user": 1, "focal_point_x": null, "focal_point_y": null, "focal_point_width": null, "focal_point_height": null, "file_size": 140696, "file_hash": "d6fb9ee7f0c585bea921204478e7f0e1b1759def"}}, {"model": "wagtailimages.image", "pk": 10, "fields": {"collection": 1, "title": "WX20190105-172006@2x.png", "file": "original_images/WX20190105-1720062x.png", "width": 306, "height": 352, "created_at": "2019-01-05T09:20:18.436Z", "uploaded_by_user": 1, "focal_point_x": null, "focal_point_y": null, "focal_point_width": null, "focal_point_height": null, "file_size": 142430, "file_hash": "d526ca838e88cbbd1deeec3853127d3b61c69c21"}}, {"model": "ncrcrd.articlepage", "pk": 4, "fields": {"content": "[{\"type\": \"title\", \"value\": \"\\u56fd\\u5bb6\\u547c\\u5438\\u75be\\u75c5\\u4e34\\u5e8a\\u7814\\u7a76\\u4e2d\\u5fc3\", \"id\": \"5977d1b1-c5ea-4db6-b6c7-6c9d2659a9f5\"}, {\"type\": \"image\", \"value\": 1, \"id\": \"fd5c3dfa-d825-4877-a2b4-fed4751120c6\"}, {\"type\": \"paragraph\", \"value\": \"<p>2013 \\u5e74 8 \\u6708\\uff0c\\u5317\\u4eac\\u533b\\u9662\\u8054\\u5408\\u4e2d\\u65e5\\u533b\\u9662\\u3001\\u9996\\u90fd\\u533b\\u79d1\\u5927\\u5b66\\u547c\\u5438\\u75c5\\u5b66\\u7cfb\\u3001\\u5317\\u4eac\\u534f\\u548c\\u533b\\u9662\\u3001\\u89e3\\u653e\\u519b\\u603b\\u533b\\u9662\\u3001\\u4e2d\\u56fd\\u533b\\u79d1\\u5927\\u5b66\\u9644\\u5c5e\\u7b2c\\u4e00\\u533b\\u9662\\u3001\\u897f\\u5b89\\u4ea4\\u901a\\u5927\\u5b66\\u9644\\u5c5e\\u7b2c\\u4e00\\u533b\\u9662 6 \\u5bb6\\u6838\\u5fc3\\u5355\\u4f4d\\u6210\\u529f\\u7533\\u62a5\\u9996\\u6279\\u56fd\\u5bb6\\u547c\\u5438\\u7cfb\\u7edf\\u75be\\u75c5\\u4e34\\u5e8a\\u533b\\u5b66\\u7814\\u7a76\\u4e2d\\u5fc3\\uff08\\u4ee5\\u4e0b\\u7b80\\u79f0\\u56fd\\u5bb6\\u547c\\u5438\\u4e34\\u5e8a\\u7814\\u7a76\\u4e2d\\u5fc3\\uff09\\uff0c\\u7531\\u738b\\u8fb0\\u9662\\u58eb\\u4efb\\u4e3b\\u4efb\\u3002\\u4e2d\\u5fc3\\u6210\\u7acb\\u4ee5\\u6765\\uff0c\\u7740\\u529b\\u6253\\u9020\\u7b26\\u5408\\u56fd\\u9645\\u6807\\u51c6\\u5e76\\u5177\\u6709\\u793a\\u8303\\u6027\\u7684\\u4e34\\u5e8a\\u533b\\u5b66\\u7814\\u7a76\\u57fa\\u5730\\uff0c\\u642d\\u5efa\\u516c\\u5171\\u6280\\u672f\\u7ba1\\u7406\\u670d\\u52a1\\u5e73\\u53f0\\u548c\\u751f\\u7269\\u4fe1\\u606f\\u5e73\\u53f0\\uff0c\\u52a0\\u5f3a\\u56fd\\u5bb6\\u4e34\\u5e8a\\u533b\\u5b66\\u7814\\u7a76\\u534f\\u540c\\u7f51\\u7edc\\u5efa\\u8bbe\\uff0c\\u53d6\\u5f97\\u663e\\u8457\\u6210\\u7ee9\\u3002</p><p>\\u76ee\\u524d\\uff0c \\u4e2d\\u65e5\\u533b\\u9662\\u5df2\\u5efa\\u6210\\u5b8c\\u5907\\u7684\\u3001\\u5177\\u5907\\u9886\\u8854\\u6c34\\u5e73\\u7684\\u73b0\\u4ee3\\u547c\\u5438\\u75c5\\u5b66\\u5b66\\u79d1\\u4f53\\u7cfb\\u3002</p><p>\\u4e3b\\u8981\\u5305\\u62ec\\uff1a\\uff081\\uff09 \\u547c\\u5438\\u4e0e\\u5371\\u91cd\\u75c7\\u533b\\u5b66\\u79d1\\u3001\\u80f8\\u5916\\u79d1\\u3001\\u4e2d\\u533b\\u80ba\\u75c5\\u79d1\\u5747\\u4e3a\\u56fd\\u5bb6\\u4e34\\u5e8a\\u91cd\\u70b9\\u4e13\\u79d1\\uff0c\\u7d2f\\u8ba1\\u75c5\\u623f\\u5e8a\\u4f4d\\u8d85\\u8fc7 400 \\u5f20\\uff1b\\uff082\\uff09\\u547c\\u5438\\u75be\\u75c5\\u4e13\\u4e1a\\u4e3a\\u56fd\\u5bb6\\u7ea7\\u91cd\\u70b9\\u5b66\\u79d1\\uff0c\\u5efa\\u7acb\\u5b8c\\u6574\\u7684\\u547c\\u5438\\u75be\\u75c5\\u8fdb\\u4fee\\u3001\\u89c4\\u57f9\\u548c\\u4e13\\u57f9\\u7b49\\u6559\\u80b2\\u4f53\\u7cfb\\uff1b\\uff083\\uff09 \\u662f\\u4e16\\u754c\\u536b\\u751f\\u7ec4\\u7ec7\\uff08WHO\\uff09\\u6212\\u70df\\u4e0e\\u547c\\u5438\\u75be\\u75c5\\u9884\\u9632\\u5408\\u4f5c\\u4e2d\\u5fc3\\u627f\\u62c5\\u5355\\u4f4d\\uff1b\\uff084\\uff09\\u7275\\u5934\\u6210\\u7acb\\u4e00\\u7cfb\\u5217\\u5b66\\u79d1\\u6216\\u4e13\\u75c5\\u8054\\u5408\\u4f53\\uff1b\\uff085\\uff09\\u56fd\\u5bb6\\u7ea7\\u8fdc\\u7a0b\\u4f1a\\u8bca\\u57f9\\u8bad\\u548c\\u5e94\\u7528\\u4e2d\\u5fc3\\u3002\\u4ee5\\u4e0a\\u5b66\\u79d1\\u5efa\\u5236\\u5df2\\u7ecf\\u5b9e\\u73b0\\u6a2a\\u8de8\\u547c\\u5438\\u75be\\u75c5\\u9884\\u9632\\u3001\\u8bca\\u7597\\u3001\\u5eb7\\u590d\\uff0c \\u6c47\\u805a\\u5185\\u5916\\u79d1\\u3001\\u4e2d\\u897f\\u533b\\uff0c \\u878d\\u5408\\u57fa\\u7840\\u7814\\u7a76\\u3001 \\u4e34\\u5e8a\\u7814\\u7a76\\u548c\\u7814\\u53d1\\u8f6c\\u5316\\uff0c \\u5f62\\u6210\\u4ece\\u547c\\u5438\\u75be\\u75c5\\u9884\\u9632\\u6700\\u65e9\\u671f\\uff08\\u70df\\u8349\\u63a7\\u5236\\uff09\\u5230\\u7ec8\\u672b\\u671f\\uff08\\u80ba\\u79fb\\u690d\\uff09\\u7684\\u5b8c\\u6574\\u6280\\u672f\\u8def\\u5f84\\u548c\\u4eba\\u624d\\u56e2\\u961f\\uff0c \\u5728\\u80ba\\u90e8\\u611f\\u67d3\\u3001\\u80ba\\u6813\\u585e\\u53ca\\u80ba\\u8840\\u7ba1\\u75be\\u75c5\\u3001\\u547c\\u5438\\u5371\\u91cd\\u75c7\\u3001\\u95f4\\u8d28\\u6027\\u80ba\\u75be\\u75c5\\u3001\\u70df\\u8349\\u75c5\\u5b66\\u3001\\u6162\\u963b\\u80ba\\u3001\\u54ee\\u5598\\u3001 \\u4e2d\\u533b\\u547c\\u5438\\u3001\\u80ba\\u90e8\\u80bf\\u7624\\u3001\\u80ba\\u79fb\\u690d\\u3001\\u547c\\u5438\\u5eb7\\u590d\\u7b49\\u9886\\u57df\\u5df2\\u7ecf\\u5f62\\u6210\\u9886\\u8854\\u5168\\u56fd\\u3001\\u56fd\\u9645\\u5148\\u8fdb\\u7684\\u7a81\\u51fa\\u4f18\\u52bf\\u3002\\u8fd1 3 \\u5e74\\u6765\\uff0c\\u4e2d\\u65e5\\u533b\\u9662\\u547c\\u5438\\u5b66\\u79d1\\u627f\\u62c5\\u5305\\u62ec 7 \\u9879\\u201c\\u5341\\u4e09\\u4e94\\u201d \\u56fd\\u5bb6\\u91cd\\u70b9\\u7814\\u53d1\\u4e13\\u9879\\u7b49\\u56fd\\u5bb6\\u7ea7\\u4e34\\u5e8a\\u7814\\u7a76\\u9879\\u76ee\\uff0c\\u7275\\u5934\\u5b9e\\u65bd\\u591a\\u9879\\u56fd\\u9645\\u591a\\u4e2d\\u5fc3\\u4e34\\u5e8a\\u7814\\u7a76\\uff0c\\u7ec4\\u7ec7\\u7f16\\u5199\\u672c\\u9886\\u57df\\u884c\\u4e1a\\u89c4\\u8303\\u3001\\u8bca\\u7597\\u6307\\u5357\\u3001\\u56fd\\u5bb6\\u6807\\u51c6\\u3001\\u9632\\u6cbb\\u89c4\\u5212\\u3002\\u4f9d\\u6258\\u524d\\u671f\\u57fa\\u7840\\uff0c\\u5efa\\u7acb\\u5e76\\u53d1\\u5c55\\u4e86\\u80ba\\u90e8\\u611f\\u67d3\\u3001\\u80ba\\u6813\\u585e\\u53ca\\u80ba\\u8840\\u7ba1\\u75be\\u75c5\\u3001 \\u6162\\u963b\\u80ba\\u3001 \\u63a7\\u70df\\u3001 \\u547c\\u5438\\u5371\\u91cd\\u75c7\\u7b49\\u591a\\u4e2a\\u4f18\\u52bf\\u9886\\u57df\\u7684\\u4e34\\u5e8a\\u7814\\u7a76\\u534f\\u540c\\u7f51\\u7edc\\uff0c\\u5efa\\u7acb\\u8986\\u76d6 31 \\u4e2a\\u7701\\u5e02\\u81ea\\u6cbb\\u533a\\u8fd1 500 \\u5bb6\\u5355\\u4f4d\\u7684\\u547c\\u5438\\u4e13\\u79d1\\u533b\\u8054\\u4f53\\uff0c\\u5f62\\u6210\\u4e34\\u5e8a\\u7814\\u7a76\\u534f\\u4f5c\\u53ca\\u6280\\u672f\\u63a8\\u5e7f\\u7f51\\u7edc\\u3002\\u4f5c\\u4e3a\\u56fd\\u5bb6\\u536b\\u8ba1\\u59d4\\u8fdc\\u7a0b\\u533b\\u7597\\u7ba1\\u7406\\u4e0e\\u57f9\\u8bad\\u4e2d\\u5fc3\\uff0c\\u8fdc\\u7a0b\\u533b\\u7597\\u534f\\u540c\\u7f51\\u7edc\\u5df2\\u7ecf\\u8986\\u76d6\\u4e86\\u5168\\u56fd 32\\u4e2a\\u7701\\u5e022000\\u4f59\\u5bb6\\u533b\\u9662\\u3002</p>\", \"id\": \"564b12db-c3f9-4d1d-ac33-4af8eb7e4de0\"}]", "show_sidebar": true, "show_breadcrumb": true}}, {"model": "ncrcrd.articlepage", "pk": 5, "fields": {"content": "[{\"type\": \"title\", \"value\": \"\\u4e13\\u5bb6\\u56e2\\u961f\", \"id\": \"44cd3e62-6db4-4cd6-b034-b01e30b4c730\"}, {\"type\": \"paragraph\", \"value\": \"<p>\\u4e13\\u5bb6\\u56e2\\u961f</p>\", \"id\": \"8fdb3563-7d5c-4bee-a7d8-f4659332a3c4\"}]", "show_sidebar": true, "show_breadcrumb": true}}, {"model": "ncrcrd.articlepage", "pk": 6, "fields": {"content": "[{\"type\": \"title\", \"value\": \"\\u627f\\u62c5\\u9879\\u76ee\", \"id\": \"75acb1ca-4990-4d27-9b0a-0c107301d247\"}]", "show_sidebar": true, "show_breadcrumb": true}}, {"model": "ncrcrd.articlepage", "pk": 7, "fields": {"content": "[{\"type\": \"title\", \"value\": \"\\u79d1\\u7814\\u7f51\\u7edc\", \"id\": \"4b627c6c-c1ce-408b-a883-17632a1fb132\"}]", "show_sidebar": true, "show_breadcrumb": true}}, {"model": "ncrcrd.articlepage", "pk": 8, "fields": {"content": "[{\"type\": \"title\", \"value\": \"\\u79d1\\u7814\\u57f9\\u8bad\", \"id\": \"a0722e66-5f3a-453d-ae8f-369574840349\"}]", "show_sidebar": true, "show_breadcrumb": true}}, {"model": "ncrcrd.articlepage", "pk": 9, "fields": {"content": "[{\"type\": \"title\", \"value\": \"\\u79d1\\u7814\\u6210\\u679c\", \"id\": \"288892eb-2994-4bb4-a75f-e45bfcbb1557\"}]", "show_sidebar": true, "show_breadcrumb": true}}, {"model": "ncrcrd.articlepage", "pk": 10, "fields": {"content": "[{\"type\": \"title\", \"value\": \"\\u8f6c\\u5316\\u63a8\\u5e7f\", \"id\": \"20374fc1-a096-4753-b2c5-987e1167f094\"}]", "show_sidebar": true, "show_breadcrumb": true}}, {"model": "ncrcrd.articlepage", "pk": 11, "fields": {"content": "[{\"type\": \"title\", \"value\": \"\\u56fd\\u9645\\u4ea4\\u6d41\", \"id\": \"dbac7e92-033f-421b-8bef-1d35c9dfa427\"}]", "show_sidebar": true, "show_breadcrumb": true}}, {"model": "ncrcrd.articlepage", "pk": 12, "fields": {"content": "[{\"type\": \"title\", \"value\": \"\\u79d1\\u5b66\\u6307\\u5bfc\\u59d4\\u5458\\u4f1a\", \"id\": \"61617371-97da-418b-b979-a1fb3cb1ec44\"}, {\"type\": \"paragraph\", \"value\": \"<p>\\u8868\\u683c\\u7a0d\\u540e\\u5b9e\\u73b0</p>\", \"id\": \"bf3ca61e-3614-4d5f-8caf-33244ff16500\"}]", "show_sidebar": true, "show_breadcrumb": true}}, {"model": "ncrcrd.articlepage", "pk": 13, "fields": {"content": "[{\"type\": \"title\", \"value\": \"\\u5b66\\u672f\\u6307\\u5bfc\\u59d4\\u5458\\u4f1a\", \"id\": \"a37487fd-efb5-489b-b68c-02aed136f0aa\"}]", "show_sidebar": true, "show_breadcrumb": true}}, {"model": "ncrcrd.articlepage", "pk": 14, "fields": {"content": "[{\"type\": \"title\", \"value\": \"\\u7ec4\\u7ec7\\u67b6\\u6784\", \"id\": \"bfa8ed0d-76e9-47fe-936e-3b37f15e43c2\"}]", "show_sidebar": true, "show_breadcrumb": true}}, {"model": "ncrcrd.articlepage", "pk": 15, "fields": {"content": "[{\"type\": \"title\", \"value\": \"\\u516c\\u5171\\u670d\\u52a1\\u5e73\\u53f0\", \"id\": \"a328a783-d0c2-49e3-afab-68345f070696\"}]", "show_sidebar": true, "show_breadcrumb": true}}, {"model": "ncrcrd.articlepage", "pk": 16, "fields": {"content": "[{\"type\": \"organization_card\", \"value\": {\"picture\": 3, \"name\": \"\\u4e2d\\u65e5\\u53cb\\u597d\\u533b\\u9662\", \"description\": \"\\u4e2d\\u65e5\\u53cb\\u597d\\u533b\\u9662\\u7b80\\u79f0\\u201c\\u4e2d\\u65e5\\u533b\\u9662\\u201d\\u4f4d\\u4e8e\\u5317\\u4eac\\u5e02\\u671d\\u9633\\u533a\\u6a31\\u82b1\\u56ed\\u4e1c\\u88572\\u53f7\\uff0c\\u662f\\u4e2d\\u534e\\u4eba\\u6c11\\u5171\\u548c\\u56fd\\u56fd\\u5bb6\\u536b\\u751f\\u548c\\u8ba1\\u5212\\u751f\\u80b2\\u59d4\\u5458\\u4f1a\\u76f4\\u5c5e\\u533b\\u9662\\uff0c\\u4e8e1984\\u5e7410\\u670823\\u65e5\\u5f00\\u9662\\u3002\\u73b0\\u7f16\\u5236\\u5e8a\\u4f4d1700\\u5f20\\uff08\\u542b\\u5317\\u533a\\u3001\\u897f\\u533a\\uff09\\uff0c\\u96c6\\u533b\\u7597\\u3001\\u6559\\u5b66\\u3001\\u79d1\\u7814\\u3001\\u5eb7\\u590d\\u548c\\u9884\\u9632\\u4fdd\\u5065\\u7b49\\u591a\\u9879\\u529f\\u80fd\\u4e3a\\u4e00\\u4f53\\u5e76\\u627f\\u62c5\\u4e2d\\u592e\\u4fdd\\u5065\\u533b\\u7597\\u5eb7\\u590d\\u4efb\\u52a1\\u3001\\u56fd\\u5bb6\\u536b\\u751f\\u5e94\\u6025\\u6551\\u63f4\\u961f\\u4efb\\u52a1\\u3002\"}, \"id\": \"853f267d-0cb3-4a83-b50c-b3ee9768ce34\"}, {\"type\": \"organization_card\", \"value\": {\"picture\": 4, \"name\": \"\\u9996\\u90fd\\u533b\\u79d1\\u5927\\u5b66\\u547c\\u5438\\u5b66\\u7cfb\", \"description\": \"\\u5b66\\u7cfb\\u8bbe\\u7acb\\u4e86\\u547c\\u5438\\u75c5\\u5b66\\u9886\\u57df\\u768415\\u4e2a\\u4e13\\u4e1a\\u7ec4\\uff0c\\u6bcf\\u7ec4\\u8bbe\\u6709\\u4e13\\u95e8\\u4eba\\u5458\\u548c\\u68af\\u961f\\u5728\\u5404\\u4e2a\\u4e9a\\u4e13\\u4e1a\\u9886\\u57df\\u8fdb\\u884c\\u6df1\\u5165\\u7814\\u7a76\\uff0c\\u5b9e\\u884c\\u4e13\\u4e1a\\u7ec4\\u7ec4\\u957f\\u8d1f\\u8d23\\u5236\\u3002\\u5728\\u6b64\\u57fa\\u7840\\u4e0a\\uff0c\\u6839\\u636e\\u56fd\\u5bb6\\u75be\\u75c5\\u9632\\u63a7\\u7684\\u603b\\u4f53\\u9700\\u6c42\\u4ee5\\u53ca\\u5f53\\u524d\\u547c\\u5438\\u5b66\\u79d1\\u7684\\u70ed\\u70b9\\u96be\\u70b9\\u95ee\\u9898\\uff0c\\u7ed3\\u5408\\u5b66\\u7cfb\\u81ea\\u8eab\\u7684\\u5386\\u53f2\\u6cbf\\u9769\\u548c\\u7814\\u7a76\\u7279\\u8272\\uff0c\\u51dd\\u70bc\\u4e86\\u4e94\\u4e2a\\u4e3b\\u8981\\u7814\\u7a76\\u65b9\\u5411\\uff1a\\u547c\\u5438\\u8870\\u7aed\\u4e0e\\u547c\\u5438\\u652f\\u6301\\u6280\\u672f\\u3001\\u80ba\\u6813\\u585e\\u4e0e\\u80ba\\u8840\\u7ba1\\u75be\\u75c5\\u2026\"}, \"id\": \"0106d36c-39f2-43b4-8dae-fe458c7e5bb8\"}, {\"type\": \"organization_card\", \"value\": {\"picture\": 5, \"name\": \"\\u5317\\u4eac\\u534f\\u548c\\u533b\\u9662\", \"description\": \"\\u5317\\u4eac\\u534f\\u548c\\u533b\\u9662\\u662f\\u96c6\\u533b\\u7597\\u3001\\u6559\\u5b66\\u3001\\u79d1\\u7814\\u4e8e\\u4e00\\u4f53\\u7684\\u5927\\u578b\\u4e09\\u7ea7\\u7532\\u7b49\\u7efc\\u5408\\u533b\\u9662\\uff0c\\u662f\\u56fd\\u5bb6\\u536b\\u751f\\u8ba1\\u751f\\u59d4\\u6307\\u5b9a\\u7684\\u5168\\u56fd\\u7591\\u96be\\u91cd\\u75c7\\u8bca\\u6cbb\\u6307\\u5bfc\\u4e2d\\u5fc3\\uff0c\\u4e5f\\u662f\\u6700\\u65e9\\u627f\\u62c5\\u9ad8\\u5e72\\u4fdd\\u5065\\u548c\\u5916\\u5bbe\\u533b\\u7597\\u4efb\\u52a1\\u7684\\u533b\\u9662\\u4e4b\\u4e00\\uff0c\\u4ee5\\u5b66\\u79d1\\u9f50\\u5168\\u3001\\u6280\\u672f\\u529b\\u91cf\\u96c4\\u539a\\u3001\\u7279\\u8272\\u4e13\\u79d1\\u7a81\\u51fa\\u3001\\u591a\\u5b66\\u79d1\\u7efc\\u5408\\u4f18\\u52bf\\u5f3a\\u5927\\uff0c\\u4eab\\u8a89\\u6d77\\u5185\\u5916\\u3002\"}, \"id\": \"8f109836-856a-4833-9b22-d7c94bc6b8ca\"}, {\"type\": \"organization_card\", \"value\": {\"picture\": 6, \"name\": \"\\u4e2d\\u56fd\\u4eba\\u6c11\\u89e3\\u653e\\u519b\\u603b\\u533b\\u9662\\uff08301\\u533b\\u9662\\uff09\", \"description\": \"\\u521b\\u5efa\\u4e8e1953\\u5e74\\uff0c\\u662f\\u96c6\\u533b\\u7597\\u3001\\u4fdd\\u5065\\u3001\\u6559\\u5b66\\u3001\\u79d1\\u7814\\u4e8e\\u4e00\\u4f53\\u7684\\u5927\\u578b\\u73b0\\u4ee3\\u5316\\u7efc\\u5408\\u6027\\u533b\\u9662\\u3002\\u533b\\u9662\\u662f\\u4e2d\\u592e\\u91cd\\u8981\\u4fdd\\u5065\\u57fa\\u5730\\uff0c\\u627f\\u62c5\\u519b\\u59d4\\u3001\\u603b\\u90e8\\u7b49\\u591a\\u4e2a\\u4f53\\u7cfb\\u5355\\u4f4d\\u3001\\u5b98\\u5175\\u7684\\u533b\\u7597\\u4fdd\\u5065\\u548c\\u5404\\u519b\\u533a\\u3001\\u519b\\u5175\\u79cd\\u8f6c\\u8bca\\u3001\\u540e\\u9001\\u7684\\u7591\\u96be\\u75c5\\u8bca\\u6cbb\\u4efb\\u52a1\\u3002\\u533b\\u9662\\u540c\\u65f6\\u53c8\\u662f\\u89e3\\u653e\\u519b\\u533b\\u5b66\\u9662\\uff0c\\u4ee5\\u7814\\u7a76\\u751f\\u6559\\u80b2\\u4e3a\\u4e3b\\uff0c\\u662f\\u5168\\u519b\\u552f\\u4e00\\u4e00\\u6240\\u533b\\u9662\\u529e\\u5b66\\u5355\\u4f4d\\u3002\"}, \"id\": \"3b5b739b-c851-4870-841f-44a4a5799a24\"}, {\"type\": \"organization_card\", \"value\": {\"picture\": 7, \"name\": \"\\u4e2d\\u56fd\\u533b\\u79d1\\u5927\\u5b66\\u9644\\u5c5e\\u7b2c\\u4e00\\u533b\\u9662\", \"description\": \"\\u4ee5\\u4eba\\u624d\\u5b9e\\u529b\\u548c\\u6280\\u672f\\u4f18\\u52bf\\uff0c\\u53d1\\u5c55\\u6210\\u4e3a\\u56fd\\u5185\\u5916\\u77e5\\u540d\\u7684\\u533a\\u57df\\u6027\\u7591\\u96be\\u6025\\u91cd\\u75c7\\u8bca\\u6cbb\\u4e2d\\u5fc3\\uff0c\\u5728\\u56fd\\u5185\\u5916\\u536b\\u751f\\u754c\\u4eab\\u6709\\u5f88\\u9ad8\\u7684\\u58f0\\u8a89\\u3002\\u4f5c\\u4e3a\\u8fbd\\u5b81\\u7701\\u7591\\u96be\\u6025\\u91cd\\u75c7\\u8bca\\u6cbb\\u4e2d\\u5fc3\\uff0c\\u540c\\u65f6\\u4e5f\\u662f\\u56fd\\u5bb6\\u536b\\u751f\\u8ba1\\u751f\\u59d4\\u6307\\u5b9a\\u7684\\u4e1c\\u5317\\u4e09\\u7701\\u552f\\u4e00\\u7684\\u5168\\u56fd11\\u4e2a\\u56fd\\u5bb6\\u7ea7\\u5e94\\u6025\\u533b\\u7597\\u6551\\u63f4\\u4e2d\\u5fc3\\u4e4b\\u4e00\\u548c4\\u4e2a\\u521d\\u7ea7\\u521b\\u4f24\\u6551\\u6cbb\\u4e2d\\u5fc3\\u4e4b\\u4e00\\uff0c\\u533b\\u9662\\u5728\\u6297\\u51fb\\u975e\\u5178\\u3001\\u6297\\u51fb\\u624b\\u8db3\\u53e3\\u75c5\\u3001\\u9632\\u6cbb\\u6d41\\u611f\\u3001\\u6297\\u9707\\u6551\\u707e\\u7b49\\u2026\"}, \"id\": \"095b8ddf-a297-4be1-a879-09e4e4a22d42\"}, {\"type\": \"organization_card\", \"value\": {\"picture\": 8, \"name\": \"\\u897f\\u5b89\\u4ea4\\u901a\\u5927\\u5b66\\u9644\\u5c5e\\u7b2c\\u4e00\\u533b\\u9662\", \"description\": \"\\u897f\\u5b89\\u4ea4\\u901a\\u5927\\u5b66\\u7b2c\\u4e00\\u9644\\u5c5e\\u533b\\u9662\\u662f\\u56fd\\u5bb6\\u536b\\u751f\\u8ba1\\u751f\\u59d4\\u59d4\\u7ba1\\u5927\\u578b\\u7efc\\u5408\\u6027\\u4e09\\u7ea7\\u7532\\u7b49\\u533b\\u9662\\uff0c\\u662f\\u5168\\u56fd\\u9996\\u6279\\u66a8\\u9655\\u897f\\u7701\\u9996\\u5bb6\\u201c\\u4e09\\u7ea7\\u7532\\u7b49\\u533b\\u9662\\u201d\\u3001\\u5168\\u56fd\\u9996\\u6279\\u201c\\u767e\\u4f73\\u533b\\u9662\\u201d\\uff0c\\u81ea1956\\u5e74\\u5efa\\u9662\\u4ee5\\u6765\\uff0c\\u575a\\u6301\\u4ee5\\u7cbe\\u6e5b\\u7684\\u533b\\u7597\\u6280\\u672f\\u3001\\u4e25\\u8c28\\u7684\\u6cbb\\u5b66\\u6001\\u5ea6\\u3001\\u6c42\\u5b9e\\u7684\\u79d1\\u7814\\u4f5c\\u98ce\\u548c\\u4f18\\u79c0\\u7684\\u670d\\u52a1\\u54c1\\u8d28\\u5f00\\u5c55\\u533b\\u7597\\u3001\\u6559\\u5b66\\u548c\\u79d1\\u7814\\u5de5\\u4f5c\\u3002\"}, \"id\": \"9355b012-6cf8-4046-b587-eef79e01cb1a\"}]", "show_sidebar": true, "show_breadcrumb": true}}, {"model": "ncrcrd.articlepage", "pk": 17, "fields": {"content": "[{\"type\": \"title\", \"value\": \"\\u751f\\u7269\\u533b\\u5b66\\u5b9e\\u9a8c\\u7814\\u7a76\\u5e73\\u53f0\", \"id\": \"e236e2e6-7d02-4fac-ae58-5a1022f95f61\"}]", "show_sidebar": true, "show_breadcrumb": true}}, {"model": "ncrcrd.articlepage", "pk": 18, "fields": {"content": "[{\"type\": \"title\", \"value\": \"\\u4e34\\u5e8a\\u7814\\u7a76\\u6570\\u636e\\u4e0e\\u9879\\u76ee\\u7ba1\\u7406\\u5e73\\u53f0\", \"id\": \"152f74c2-ded0-4c4f-bae7-6ccafe0294e7\"}, {\"type\": \"paragraph\", \"value\": \"<p><b>\\u57fa\\u672c\\u4fe1\\u606f\\uff1a </b></p><p>\\u4e34\\u5e8a\\u7814\\u7a76\\u6570\\u636e\\u4e0e\\u9879\\u76ee\\u7ba1\\u7406\\u5e73\\u53f0\\u662f\\u4e34\\u5e8a\\u7814\\u7a76\\u3001\\u5c24\\u5176\\u662f\\u5927\\u89c4\\u6a21\\u4e34\\u5e8a\\u7814\\u7a76\\u6240\\u5fc5\\u9700\\u7684\\u5e73\\u53f0\\u652f\\u6301\\u6761\\u4ef6\\u4e4b\\u4e00\\u3002\\u672c\\u4e2d\\u5fc3\\u5c06\\u5728\\u73b0\\u6709\\u4e34\\u5e8a\\u7814\\u7a76\\u6570\\u636e\\u4e0e\\u9879\\u76ee\\u7ba1\\u7406\\u5e73\\u53f0\\u57fa\\u7840\\u4e0a\\uff0c\\u4ece\\u4ee5\\u4e0b\\u4e09\\u4e2a\\u65b9\\u9762\\u8fdb\\u4e00\\u6b65\\u52a0\\u5f3a\\u4e34\\u5e8a\\u7814\\u7a76\\u6570\\u636e\\u4e0e\\u9879\\u76ee\\u7ba1\\u7406\\u5e73\\u53f0\\u5efa\\u8bbe\\uff1a\\uff081\\uff09 \\u8fdb\\u4e00\\u6b65\\u5f3a\\u5316\\u5e73\\u53f0\\u73b0\\u6709\\u804c\\u80fd\\uff0c\\u5305\\u62ec\\u4e34\\u5e8a\\u7814\\u7a76\\u8bbe\\u8ba1\\u3001\\u6570\\u636e\\u5e93\\u8bbe\\u8ba1\\u4e0e\\u7ef4\\u62a4\\u3001\\u4e34\\u5e8a\\u7814\\u7a76\\u6570\\u636e\\u8d28\\u63a7\\u3001\\u4e34\\u5e8a\\u7814\\u7a76\\u9879\\u76ee\\u6267\\u884c\\u4e0e\\u7ba1\\u7406\\u3001\\u6570\\u636e\\u5206\\u6790\\u4e0e\\u6570\\u636e\\u6316\\u6398\\u3001\\u8bba\\u6587\\u5199\\u4f5c\\u4e0e\\u6210\\u679c\\u8f6c\\u5316\\u7b49\\uff0c\\u901a\\u8fc7\\u4e13\\u9879\\u57f9\\u8bad\\uff0c\\u63d0\\u5347\\u73b0\\u6709\\u5e73\\u53f0\\u5de5\\u4f5c\\u4eba\\u5458\\u7684\\u6280\\u672f\\u6c34\\u5e73\\uff0c\\u540c\\u65f6\\u4e0e\\u76f8\\u5173\\u9886\\u57df\\u4e13\\u5bb6\\u3001\\u4e13\\u4e1a\\u5b66\\u672f\\u673a\\u6784\\u4fdd\\u6301\\u5bc6\\u5207\\u8054\\u7cfb\\uff0c\\u5efa\\u7acb\\u76f8\\u5173\\u4e13\\u4e1a\\u6280\\u672f\\u54a8\\u8be2\\u4e13\\u5bb6\\u5e93\\uff1b <br/></p>\", \"id\": \"f88841f2-76a7-4141-9f9f-e57b929c4aa4\"}]", "show_sidebar": true, "show_breadcrumb": true}}, {"model": "ncrcrd.articlepage", "pk": 19, "fields": {"content": "[{\"type\": \"title\", \"value\": \"\\u751f\\u7269\\u6837\\u672c\\u5e93\\u5e73\\u53f0\", \"id\": \"1c41f83c-068a-4d9e-aa29-81b0fb644a45\"}, {\"type\": \"paragraph\", \"value\": \"<p><b>\\u57fa\\u672c\\u4fe1\\u606f\\uff1a </b></p><p>\\u4e2d\\u5fc3\\u5c06\\u5728\\u73b0\\u6709\\u751f\\u7269\\u6837\\u672c\\u5e93\\u5e73\\u53f0\\u7684\\u57fa\\u7840\\u4e0a\\uff0c\\u8fdb\\u4e00\\u6b65\\u5efa\\u8bbe\\u3001\\u5b8c\\u5584\\u878d\\u5408\\u751f\\u7269\\u6837\\u672c\\u5b9e\\u4f53\\u3001\\u751f\\u7269\\u5206\\u5b50\\u4fe1\\u606f\\u548c\\u6837\\u672c\\u8868\\u578b\\u6570\\u636e\\u7b49\\u7efc\\u5408\\u8d44\\u6e90\\u7684\\u751f\\u7269\\u6837\\u672c\\u5e93\\uff0c\\u6210\\u4e3a\\u96c6\\u6210\\u57fa\\u7840\\u7814\\u7a76\\u4e0e\\u4e34\\u5e8a\\u5e94\\u7528\\u7684\\u91cd\\u8981\\u6280\\u672f\\u8f7d\\u4f53\\u3002\\u901a\\u8fc7\\u5c06\\u4e34\\u5e8a\\u8868\\u578b\\u6570\\u636e\\u4e0e\\u9057\\u4f20\\u6570\\u636e\\u6709\\u673a\\u6574\\u5408\\uff0c\\u5f62\\u6210\\u4ee5\\u7814\\u7a76\\u4e2a\\u4f53\\u4e3a\\u5355\\u4f4d\\u7684\\u751f\\u7269\\u533b\\u5b66\\u4fe1\\u606f\\u8d44\\u6e90\\u5e73\\u53f0\\uff0c\\u4e3a\\u4e34\\u5e8a\\u7814\\u7a76\\u548c\\u8f6c\\u5316\\u533b\\u5b66\\u7814\\u7a76\\u63d0\\u4f9b\\u91cd\\u8981\\u8d44\\u6e90\\u3002\\u4e2d\\u5fc3\\u5c06\\u5728\\u524d\\u671f\\u5de5\\u4f5c\\u7684\\u57fa\\u7840\\u4e0a\\uff0c\\u628a\\u4e34\\u5e8a\\u8bd5\\u9a8c\\u6570\\u636e\\u7ba1\\u7406\\u7cfb\\u7edf\\u53ca\\u751f\\u7269\\u6837\\u672c\\u5e93\\u7cfb\\u7edf\\u6574\\u5408\\u6210\\u4e3a\\u4e00\\u4e2a\\u5e73\\u53f0\\uff0c\\u5b9e\\u73b0\\u751f\\u7269\\u6837\\u672c\\u5e93\\u4e0e\\u4e34\\u5e8a\\u7814\\u7a76\\u4fe1\\u606f\\u6570\\u636e\\u5e93\\u4e4b\\u95f4\\u6570\\u636e\\u5171\\u4eab\\u53ca\\u4ea4\\u6362\\uff0c\\u63d0\\u9ad8\\u6837\\u672c\\u5e93\\u7684\\u4ef7\\u503c\\u3002\\u751f\\u7269\\u6837\\u672c\\u5e93\\u5e73\\u53f0\\u7684\\u8fd0\\u8425\\u7ba1\\u7406\\u5c06\\u4e25\\u683c\\u9075\\u5faa\\u6d41\\u7a0b\\u3001\\u64cd\\u4f5c\\u548c\\u6570\\u636e\\u6807\\u51c6\\u5316\\u3001\\u8d28\\u91cf\\u63a7\\u5236\\u548c\\u8d44\\u6e90\\u5171\\u4eab\\u539f\\u5219\\uff0c\\u4ee5\\u4fe1\\u606f\\u5316\\u624b\\u6bb5\\u5b9e\\u73b0\\u4e0d\\u540c\\u5730\\u57df\\u7684\\u6837\\u672c\\u5e93\\u3001\\u4e0d\\u540c\\u7814\\u7a76\\u7684\\u6837\\u672c\\u7684\\u9ad8\\u6548\\u5229\\u7528\\u53ca\\u5171\\u4eab\\u3002 <br/></p>\", \"id\": \"34d8ba36-0eda-4f4e-884d-40bcf0d25b28\"}]", "show_sidebar": true, "show_breadcrumb": true}}, {"model": "ncrcrd.articlepage", "pk": 20, "fields": {"content": "[{\"type\": \"person_card\", \"value\": {\"picture\": 2, \"name\": \"\\u738b\\u8fb0\", \"description\": \"\\u533b\\u5b66\\u535a\\u58eb\\u3001\\u4e3b\\u4efb\\u533b\\u5e08\\u3001\\u6559\\u6388\\u3001\\u535a\\u58eb\\u751f\\u5bfc\\u5e08\\uff0c\\u4e2d\\u56fd\\u5de5\\u7a0b\\u9662\\u9662\\u58eb\"}, \"id\": \"359fab91-7a09-4a32-8632-7dc426b61869\"}, {\"type\": \"heading\", \"value\": \"\\u4efb\\u804c\", \"id\": \"816df674-0ee3-4623-9a70-d6b62b82a1d2\"}, {\"type\": \"paragraph\", \"value\": \"<p>\\u4e2d\\u56fd\\u5de5\\u7a0b\\u9662\\u526f\\u9662\\u957f\\u3001\\u4e2d\\u56fd\\u533b\\u5b66\\u79d1\\u5b66\\u9662\\u5317\\u4eac\\u534f\\u548c\\u533b\\u5b66\\u9662\\u6821\\u957f\\u3001\\u4e2d\\u65e5\\u533b\\u9662\\u547c\\u5438\\u4e2d\\u5fc3\\u4e3b\\u4efb\\uff0c\\u5e76\\u517c\\u4efb\\u56fd\\u5bb6\\u547c\\u5438\\u75be\\u75c5\\u4e34\\u5e8a\\u533b\\u5b66\\u7814\\u7a76\\u4e2d\\u5fc3\\u4e3b\\u4efb\\u3001\\u4e2d\\u56fd\\u533b\\u5e08\\u534f\\u4f1a\\u547c\\u5438\\u533b\\u5e08\\u5206\\u4f1a\\u4f1a\\u957f\\u3001\\u9996\\u90fd\\u533b\\u79d1\\u5927\\u5b66\\u547c\\u5438\\u75c5\\u5b66\\u7cfb\\u4e3b\\u4efb\\u3001\\u56fd\\u9645\\u80ba\\u8840\\u7ba1\\u75c5\\u7814\\u7a76\\u9662(PVRI)\\u897f\\u592a\\u533a\\u526f\\u4e3b\\u5e2d\\u3001\\u4e16\\u754c\\u536b\\u751f\\u7ec4\\u7ec7\\u70df\\u8349\\u6216\\u5065\\u5eb7\\u5408\\u4f5c\\u4e2d\\u5fc3\\u4e3b\\u4efb\\u3001Clinical Respiratory Journal \\u4e3b\\u7f16\\u3001Chinese Medical Journal\\u4e3b\\u7f16\\u3001\\u4e2d\\u534e\\u533b\\u5b66\\u6742\\u5fd7\\u3001\\u4e2d\\u534e\\u7ed3\\u6838\\u548c\\u547c\\u5438\\u6742\\u5fd7\\u526f\\u4e3b\\u7f16\\u7b49\\u3002</p>\", \"id\": \"47237165-b256-4454-91e9-2c9bb7847473\"}, {\"type\": \"heading\", \"value\": \"\\u4e13\\u4e1a\\u9886\\u57df\", \"id\": \"894f486d-f3eb-465e-aac7-1d8b796ff2ab\"}, {\"type\": \"paragraph\", \"value\": \"<p>\\u957f\\u671f\\u4ece\\u4e8b\\u547c\\u5438\\u75be\\u75c5\\u7684\\u4e34\\u5e8a\\u3001\\u7814\\u7a76\\u3001\\u6559\\u5b66\\u5de5\\u4f5c\\uff0c\\u53d6\\u5f97\\u591a\\u9879\\u91cd\\u8981\\u521b\\u65b0\\u5e76\\u8fdb\\u5165\\u56fd\\u9645\\u8bca\\u7597\\u6307\\u5357\\u3002</p>\", \"id\": \"41155042-ebe2-4119-b3ac-1b2d814642fb\"}, {\"type\": \"heading\", \"value\": \"\\u4e3b\\u8981\\u6210\\u679c\", \"id\": \"7d38e7db-ec81-4487-9095-75a380d4086e\"}, {\"type\": \"paragraph\", \"value\": \"<p>\\u627f\\u62c5\\u56fd\\u5bb6\\u79d1\\u6280\\u652f\\u6491\\u3001863\\u3001973\\u8ba1\\u5212\\u53ca\\u56fd\\u5bb6\\u81ea\\u7136\\u79d1\\u5b66\\u57fa\\u91d1\\u91cd\\u70b9\\u9879\\u76ee\\u3001\\u536b\\u751f\\u90e8\\u884c\\u4e1a\\u79d1\\u7814\\u4e13\\u9879\\u7b49\\u56fd\\u5bb6\\u7ea7\\u79d1\\u7814\\u9879\\u76ee\\u3002\\u5728\\u300a\\u65b0\\u82f1\\u683c\\u5170\\u533b\\u5b66\\u6742\\u5fd7\\u300b\\u3001\\u300a\\u67f3\\u53f6\\u5200\\u300b\\u548c\\u300a\\u5185\\u79d1\\u5b66\\u5e74\\u9274\\u300b\\u7b49\\u56fd\\u9645\\u6743\\u5a01\\u533b\\u5b66\\u671f\\u520a\\u53d1\\u8868\\u8bba\\u8457\\u903e\\u767e\\u7bc7\\u3002 \\u83b7\\u56fd\\u5bb6\\u79d1\\u6280\\u8fdb\\u6b65\\u5956\\u4e00\\u7b49\\u59561\\u9879\\uff0c\\u56fd\\u5bb6\\u79d1\\u6280\\u8fdb\\u6b65\\u5956\\u4e8c\\u7b49\\u59563\\u9879\\u3002\\u66fe\\u88ab\\u8bc4\\u4e3a\\u5168\\u56fd\\u4f18\\u79c0\\u79d1\\u6280\\u5de5\\u4f5c\\u8005\\u3001\\u4e2d\\u56fd\\u5341\\u5927\\u6770\\u51fa\\u9752\\u5e74\\uff0c\\u83b7\\u5168\\u56fd\\u4e94\\u4e00\\u52b3\\u52a8\\u5956\\u7ae0\\u3001\\u4e16\\u754c\\u536b\\u751f\\u7ec4\\u7ec7\\u63a7\\u70df\\u6770\\u51fa\\u8d21\\u732e\\u5956\\u3001\\u4f55\\u6881\\u4f55\\u5229\\u57fa\\u91d1\\u79d1\\u5b66\\u4e0e\\u6280\\u672f\\u8fdb\\u6b65\\u5956\\u30022014\\u5e74\\uff0c\\u83b7\\u82f1\\u56fd\\u5e1d\\u56fd\\u7406\\u5de5\\u5b66\\u9662\\u533b\\u5b66\\u90e8\\u8363\\u6388\\u9662\\u58eb\\u3002</p>\", \"id\": \"9aeeeda2-6e46-497f-9040-722db329ad65\"}]", "show_sidebar": true, "show_breadcrumb": true}}, {"model": "ncrcrd.articlepage", "pk": 21, "fields": {"content": "[{\"type\": \"title\", \"value\": \"\\u7eb5\\u5411\\u9879\\u76ee\", \"id\": \"43c9e6d4-b5de-4a29-94ac-24a88bfdd2db\"}]", "show_sidebar": true, "show_breadcrumb": true}}, {"model": "ncrcrd.articlepage", "pk": 22, "fields": {"content": "[{\"type\": \"study_card\", \"value\": {\"title\": \"\\u6162\\u963b\\u80ba\\u5371\\u9669\\u56e0\\u7d20\\u3001\\u75c5\\u56e0\\u4e0e\\u53d1\\u75c5\\u673a\\u5236\\u7814\\u7a76\", \"type\": \"\\u56fd\\u5bb6\\u91cd\\u70b9\\u7814\\u53d1\\u9879\\u76ee\", \"leader\": \"\\u738b\\u8fb0\", \"description\": \"\\u672c\\u9879\\u76ee\\u901a\\u8fc7\\u5bf9\\u6162\\u963b\\u80ba\\u76f8\\u5173\\u6570\\u636e\\u548c\\u751f\\u7269\\u6807\\u672c\\u7684\\u91c7\\u96c6\\uff0c\\u6784\\u5efa\\u6570\\u636e\\u5e93\\u548c\\u751f\\u7269\\u6837\\u672c\\u5e93\\uff0c\\u636e\\u6b64\\u91c7\\u7528\\u73b0\\u4ee3\\u7684\\u5927\\u6570\\u636e\\u5206\\u6790\\u65b9\\u6cd5\\uff0c\\u548c\\u4ee5\\u57fa\\u56e0\\u7ec4\\u5b66\\u4e3a\\u4ee3\\u8868\\u7684\\u591a\\u91cd\\u7ec4\\u5b66\\u6280\\u672f\\u8fdb\\u884c\\u5206\\u6790\\uff0c\\u6765\\u8fdb\\u884c\\u6162\\u963b\\u80ba\\u5185\\u56e0\\u548c\\u5916\\u56e0\\u7684\\u76f8\\u5173\\u56e0\\u7d20\\u5206\\u6790\\u3002\", \"status\": \"finished\"}, \"id\": \"4dc54510-6461-43e7-9991-46753250e138\"}, {\"type\": \"study_card\", \"value\": {\"title\": \"\\u7cd6\\u76ae\\u8d28\\u6fc0\\u7d20\\u6cbb\\u7597\\u91cd\\u75c7\\u6162\\u963b\\u80ba\\u6025\\u6027\\u52a0\\u91cd\\u60a3\\u8005\\u7684\\u7597\\u6548\\u8bc4\\u4ef7\", \"type\": \"\\u56fd\\u5bb6\\u91cd\\u70b9\\u7814\\u53d1\\u9879\\u76ee\", \"leader\": \"\\u6881\\u5b97\\u5b89\", \"description\": \"\\u5206\\u6790AECOPD\\u6025\\u6027\\u52a0\\u91cd\\u4f4f\\u9662\\u60a3\\u8005\\u5728\\u6025\\u6027\\u52a0\\u91cd\\u671f\\u548c\\u7a33\\u5b9a\\u671f\\u7684\\u4eba\\u53e3\\u5b66\\u7279\\u5f81\\u3001\\u4e34\\u5e8a\\u7279\\u5f81\\u3001\\u6cbb\\u7597\\u3001\\u9884\\u540e\\u8f6c\\u5f52\\u53ca\\u7ecf\\u6d4e\\u8d1f\\u62c5\\u7684\\u73b0\\u72b6\\uff0c\\u8bc4\\u4ef7\\u4e0d\\u540c\\u75be\\u75c5\\u7279\\u5f81\\u3002\", \"status\": \"ongoing\"}, \"id\": \"063a2a39-b44c-4ae6-bd53-499ac91405ff\"}]", "show_sidebar": true, "show_breadcrumb": true}}, {"model": "ncrcrd.articlepage", "pk": 23, "fields": {"content": "[{\"type\": \"book_card\", \"value\": {\"title\": \"\\u547c\\u5438\\u4e0e\\u5371\\u91cd\\u75c7\\u533b\\u5b66\", \"author\": \"\\u738b\\u8fb0\\u3001\\u8fdf\\u6625\\u82b1\", \"description\": \"\\u672c\\u6559\\u6750\\u56f4\\u7ed5\\u547c\\u5438\\u7cfb\\u7edf\\u5e38\\u89c1\\u75be\\u75c5\\u7684\\u8bca\\u6cbb\\u8fdb\\u884c\\u9610\\u8ff0\\uff0c\\u5305\\u62ec\\u4e86\\u5bf9\\u75c7\\u72b6\\u548c\\u4f53\\u5f81\\u7684\\u719f\\u6089\\u548c\\u638c\\u63e1\\uff0c\\u5bf9\\u547c\\u5438\\u7cfb\\u7edf\\u75be\\u75c5\\u5e38\\u7528\\u6280\\u672f\\u548c\\u6280\\u80fd\\u7684\\u719f\\u7ec3\\u64cd\\u4f5c\\uff0c\\u5bf9\\u547c\\u5438\\u7cfb\\u7edf\\u75be\\u75c5\\u7684\\u8bca\\u65ad\\u548c\\u9274\\u522b\\u8bca\\u65ad\\uff0c\\u5305\\u62ec\\u611f\\u67d3\\u3001\\u80bf\\u7624\\u3001\\u514d\\u75ab\\u75be\\u60a3\\u7684\\u80ba\\u90e8\\u75be\\u75c5\\u7684\\u9274\\u522b\\u8bca\\u65ad\\uff1b\\u4ee5\\u53ca\\u547c\\u5438\\u7cfb\\u7edf\\u5371\\u6025\\u60c5\\u51b5\\u7684\\u5904\\u7406\\uff0c\\u5982\\u80ba\\u52a8\\u8109\\u6813\\u585e\\u3001\\u6c14\\u80f8\\u3001\\u547c\\u5438\\u8870\\u7aed\\u7b49\\u3002\\u672c\\u6559\\u6750\\u7684\\u51fa\\u7248\\u80fd\\u591f\\u8fdb\\u4e00\\u6b65\\u89c4\\u8303\\u57fa\\u5c42\\u533b\\u751f\\u5bf9\\u547c\\u5438\\u7cfb\\u7edf\\u75be\\u75c5\\u7684\\u8bca\\u65ad\\u548c\\u6cbb\\u7597\\u3002\", \"picture\": 9}, \"id\": \"e510ea92-b109-4a0f-969b-a24154c7b725\"}, {\"type\": \"book_card\", \"value\": {\"title\": \"\\u5185\\u79d1\\u5b66\", \"author\": \"\\u738b\\u8fb0\\u3001\\u738b\\u5efa\\u5b89\", \"description\": \"\\u672c\\u6559\\u6750\\u56f4\\u7ed5\\u547c\\u5438\\u7cfb\\u7edf\\u5e38\\u89c1\\u75be\\u75c5\\u7684\\u8bca\\u6cbb\\u8fdb\\u884c\\u9610\\u8ff0\\uff0c\\u5305\\u62ec\\u4e86\\u5bf9\\u75c7\\u72b6\\u548c\\u4f53\\u5f81\\u7684\\u719f\\u6089\\u548c\\u638c\\u63e1\\uff0c\\u5bf9\\u547c\\u5438\\u7cfb\\u7edf\\u75be\\u75c5\\u5e38\\u7528\\u6280\\u672f\\u548c\\u6280\\u80fd\\u7684\\u719f\\u7ec3\\u64cd\\u4f5c\\uff0c\\u5bf9\\u547c\\u5438\\u7cfb\\u7edf\\u75be\\u75c5\\u7684\\u8bca\\u65ad\\u548c\\u9274\\u522b\\u8bca\\u65ad\\uff0c\\u5305\\u62ec\\u611f\\u67d3\\u3001\\u80bf\\u7624\\u3001\\u514d\\u75ab\\u75be\\u60a3\\u7684\\u80ba\\u90e8\\u75be\\u75c5\\u7684\\u9274\\u522b\\u8bca\\u65ad\\uff1b\\u4ee5\\u53ca\\u547c\\u5438\\u7cfb\\u7edf\\u5371\\u6025\\u60c5\\u51b5\\u7684\\u5904\\u7406\\uff0c\\u5982\\u80ba\\u52a8\\u8109\\u6813\\u585e\\u3001\\u6c14\\u80f8\\u3001\\u547c\\u5438\\u8870\\u7aed\\u7b49\\u3002\", \"picture\": 10}, \"id\": \"ffe603e9-8524-4d37-a65e-39abc7194f81\"}]", "show_sidebar": true, "show_breadcrumb": true}}, {"model": "ncrcrd.articlepage", "pk": 24, "fields": {"content": "[{\"type\": \"title\", \"value\": \"\\u79d1\\u5b66\\u6307\\u5bfc\\u59d4\\u5458\\u4f1a\", \"id\": \"2102745d-5099-4908-b218-ef4cf7fcbbf8\"}, {\"type\": \"table\", \"value\": {\"data\": [[\"\\u5e8f\\u53f7\", \"\\u59d3\\u540d\", \"\\u5355\\u4f4d\\u540d\\u79f0\", \"\\u804c\\u52a1/\\u804c\\u79f0\"], [\"1\", \"\\u738b\\u514b\\u5b89\", \"\\u65b0\\u63a2\\u5065\\u5eb7\\u53d1\\u5c55\\u7814\\u7a76\\u4e2d\\u5fc3\", \"\\u6559\\u6388\"], [\"2\", \"\\u5df4\\u5fb7\\u5e74\", \"\\u6d59\\u6c5f\\u5927\\u5b66\\u533b\\u5b66\\u9662\", \"\\u9662\\u58eb\"], [\"3\", \"\\u962e\\u957f\\u803f\", \"\\u6c5f\\u82cf\\u7701\\u8840\\u6db2\\u7814\\u7a76\\u6240\", \"\\u9662\\u58eb\"], [\"4\", \"\\u674e\\u7acb\\u660e\", \"\\u4e2d\\u56fd\\u533b\\u5b66\\u79d1\\u5b66\\u9662\", \"\\u6559\\u6388\"], [\"5\", \"\\u674e\\u5170\\u5a1f\", \"\\u6d59\\u6c5f\\u5927\\u5b66\\u533b\\u5b66\\u9662\", \"\\u9662\\u58eb\"], [\"6\", \"\\u6768\\u80dc\\u5229\", \"\\u4e0a\\u6d77\\u4ea4\\u901a\\u5927\\u5b66\\u751f\\u7269\\u5b66\\u7814\\u7a76\\u6240\", \"\\u9662\\u58eb\"], [\"7\", \"\\u5434\\u5929\\u4e00\", \"\\u9752\\u6d77\\u9ad8\\u539f\\u533b\\u5b66\\u7814\\u7a76\\u9662\", \"\\u9662\\u58eb\"]], \"first_row_is_table_header\": true, \"first_col_is_header\": false}, \"id\": \"66921809-361e-404f-880f-ff95e560dbbd\"}]", "show_sidebar": true, "show_breadcrumb": true}}, {"model": "ncrcrd.homepage", "pk": 3, "fields": {"content": "[{\"type\": \"title\", \"value\": \"\\u56fd\\u5bb6\\u547c\\u5438\\u75be\\u75c5\\u4e34\\u5e8a\\u533b\\u5b66\\u7814\\u7a76\\u4e2d\\u5fc3\", \"id\": \"2ee9ed21-3b1a-46b4-a59e-eb54d5fd08f0\"}, {\"type\": \"paragraph\", \"value\": \"<p>\\u8fd9\\u91cc\\u662f\\u9996\\u9875\\uff0c\\u9996\\u9875\\u6a21\\u677f\\u7a0d\\u540e\\u4fee\\u6539</p>\", \"id\": \"1eeb8c33-8c7f-4d57-ab62-a68c5f5f8876\"}]", "show_sidebar": false, "show_breadcrumb": false}}]